"event_date","day_type","day_length","population","subseason","pe_crabber_hours","pe_cpue","pe_catch","bss_effort_median","bss_effort_lo95","bss_effort_hi95","bss_catch_median","bss_catch_lo95","bss_catch_hi95","combined_effort","combined_catch","method"
2024-09-16,"weekday",5.6,"private_boat","ring_net_only",NA,NA,NA,NA,NA,NA,NA,NA,NA,NA,NA,"PE"
2024-09-16,"weekday",5.6,"shore","ring_net_only",NA,NA,NA,52,27,104,72.6,35.9,149,52,72.6,"BSS"
2024-09-17,"weekday",5.6,"private_boat","ring_net_only",22.2,0,0,NA,NA,NA,NA,NA,NA,22.2,0,"PE"
2024-09-17,"weekday",5.6,"shore","ring_net_only",127.5,0.7,95,51.7,26.4,103.1,72,36,146.8,51.7,72,"BSS"
2024-09-18,"weekday",5.6,"private_boat","ring_net_only",39.9,NA,NA,NA,NA,NA,NA,NA,NA,39.9,NA,"PE"
2024-09-18,"weekday",5.6,"shore","ring_net_only",123.3,1,127.5,51.9,26.3,103.5,72.3,35.6,147.5,51.9,72.3,"BSS"
2024-09-19,"weekday",5.6,"private_boat","ring_net_only",13.3,NA,NA,NA,NA,NA,NA,NA,NA,13.3,NA,"PE"
2024-09-19,"weekday",5.6,"shore","ring_net_only",233.8,0.5,106.3,51.5,26.1,103.2,72.1,35.7,146.1,51.5,72.1,"BSS"
2024-09-20,"weekend",5.4,"private_boat","ring_net_only",2.1,NA,NA,NA,NA,NA,NA,NA,NA,2.1,NA,"PE"
2024-09-20,"weekend",5.4,"shore","ring_net_only",117.9,0.5,58.4,82.8,42.7,166.8,93.9,47.5,189.4,82.8,93.9,"BSS"
2024-09-21,"weekend",5.4,"private_boat","ring_net_only",NA,1,NA,NA,NA,NA,NA,NA,NA,NA,NA,"PE"
2024-09-21,"weekend",5.4,"shore","ring_net_only",195.2,0.2,47.2,83.5,41.6,169.4,94.6,46.1,196.6,83.5,94.6,"BSS"
2024-09-22,"weekend",5.4,"private_boat","ring_net_only",NA,NA,NA,NA,NA,NA,NA,NA,NA,NA,NA,"PE"
2024-09-22,"weekend",5.4,"shore","ring_net_only",NA,NA,NA,82.9,41.4,168.8,94,46.2,196.8,82.9,94,"BSS"
2024-09-23,"weekday",5.6,"private_boat","ring_net_only",NA,NA,NA,NA,NA,NA,NA,NA,NA,NA,NA,"PE"
2024-09-23,"weekday",5.6,"shore","ring_net_only",NA,NA,NA,51.8,26,103.8,72.6,35.6,147.9,51.8,72.6,"BSS"
2024-09-24,"weekday",5.6,"private_boat","ring_net_only",13.3,NA,NA,NA,NA,NA,NA,NA,NA,13.3,NA,"PE"
2024-09-24,"weekday",5.6,"shore","ring_net_only",212.9,0.4,82.5,51.7,25.9,103.2,71.9,35.2,148.3,51.7,71.9,"BSS"
2024-09-25,"weekday",5.6,"private_boat","ring_net_only",NA,NA,NA,NA,NA,NA,NA,NA,NA,NA,NA,"PE"
2024-09-25,"weekday",5.6,"shore","ring_net_only",55.4,0.9,48.2,51.8,25.9,102.4,72.7,35.2,144.1,51.8,72.7,"BSS"
2024-09-26,"weekday",5.6,"private_boat","ring_net_only",NA,NA,NA,NA,NA,NA,NA,NA,NA,NA,NA,"PE"
2024-09-26,"weekday",5.6,"shore","ring_net_only",NA,NA,NA,51.7,26,103.4,72,35.1,147.8,51.7,72,"BSS"
2024-09-27,"weekend",5.4,"private_boat","ring_net_only",21.3,0,0,NA,NA,NA,NA,NA,NA,21.3,0,"PE"
2024-09-27,"weekend",5.4,"shore","ring_net_only",138.5,0.4,59.2,82.8,41.5,167.8,94,46.6,193.7,82.8,94,"BSS"
2024-09-28,"weekend",5.4,"private_boat","ring_net_only",51,NA,NA,NA,NA,NA,NA,NA,NA,51,NA,"PE"
2024-09-28,"weekend",5.4,"shore","ring_net_only",321.9,0.4,136.3,82.9,42.4,165.9,94,46.9,192.1,82.9,94,"BSS"
2024-09-29,"weekend",5.4,"private_boat","ring_net_only",NA,NA,NA,NA,NA,NA,NA,NA,NA,NA,NA,"PE"
2024-09-29,"weekend",5.4,"shore","ring_net_only",NA,NA,NA,83.5,41.5,168.7,94.5,46.1,193.7,83.5,94.5,"BSS"
2024-09-30,"weekday",5.6,"private_boat","ring_net_only",NA,NA,NA,NA,NA,NA,NA,NA,NA,NA,NA,"PE"
2024-09-30,"weekday",5.6,"shore","ring_net_only",NA,NA,NA,50.6,26.2,101.2,78.9,39.5,162,50.6,78.9,"BSS"
2024-10-01,"weekday",5.6,"private_boat","ring_net_only",31.2,NA,NA,NA,NA,NA,NA,NA,NA,31.2,NA,"PE"
2024-10-01,"weekday",5.6,"shore","ring_net_only",128,0.4,56.4,50.1,26.1,100.3,78,39.5,160.4,50.1,78,"BSS"
2024-10-02,"weekday",5.6,"private_boat","ring_net_only",NA,NA,NA,NA,NA,NA,NA,NA,NA,NA,NA,"PE"
2024-10-02,"weekday",5.6,"shore","ring_net_only",NA,NA,NA,50.5,25.9,102.3,79.1,39.1,162.2,50.5,79.1,"BSS"
2024-10-03,"weekday",5.6,"private_boat","ring_net_only",17.8,1,17.8,NA,NA,NA,NA,NA,NA,17.8,17.8,"PE"
2024-10-03,"weekday",5.6,"shore","ring_net_only",192.1,0.6,116.3,50.2,26.5,99.2,78.7,40,159.7,50.2,78.7,"BSS"
2024-10-04,"weekend",5.4,"private_boat","ring_net_only",21.3,NA,NA,NA,NA,NA,NA,NA,NA,21.3,NA,"PE"
2024-10-04,"weekend",5.4,"shore","ring_net_only",118.3,0.7,78.9,80.6,42,156.6,103.2,52.5,203.4,80.6,103.2,"BSS"
2024-10-05,"weekend",5.4,"private_boat","ring_net_only",51.1,0.8,38.3,NA,NA,NA,NA,NA,NA,51.1,38.3,"PE"
2024-10-05,"weekend",5.4,"shore","ring_net_only",293.9,0.4,103.4,80.7,41.5,160.6,102.4,51.8,209,80.7,102.4,"BSS"
2024-10-06,"weekend",5.4,"private_boat","ring_net_only",NA,NA,NA,NA,NA,NA,NA,NA,NA,NA,NA,"PE"
2024-10-06,"weekend",5.4,"shore","ring_net_only",NA,NA,NA,80.7,40.8,165.9,102.8,51.3,213.6,80.7,102.8,"BSS"
2024-10-07,"weekday",5.6,"private_boat","ring_net_only",NA,NA,NA,NA,NA,NA,NA,NA,NA,NA,NA,"PE"
2024-10-07,"weekday",5.6,"shore","ring_net_only",NA,NA,NA,50.6,26.2,99.3,78.8,39.9,160.3,50.6,78.8,"BSS"
2024-10-08,"weekday",5.6,"private_boat","ring_net_only",0,NA,NA,NA,NA,NA,NA,NA,NA,0,NA,"PE"
2024-10-08,"weekday",5.6,"shore","ring_net_only",128.2,0.9,114.8,50.3,25.4,100.1,79,38.9,160.4,50.3,79,"BSS"
2024-10-09,"weekday",5.6,"private_boat","ring_net_only",13.4,NA,NA,NA,NA,NA,NA,NA,NA,13.4,NA,"PE"
2024-10-09,"weekday",5.6,"shore","ring_net_only",124,1.2,148.1,50.4,26,98.7,78.7,39.3,159.5,50.4,78.7,"BSS"
2024-10-10,"weekday",5.6,"private_boat","ring_net_only",NA,NA,NA,NA,NA,NA,NA,NA,NA,NA,NA,"PE"
2024-10-10,"weekday",5.6,"shore","ring_net_only",NA,NA,NA,50.7,25.4,101.2,79.2,38,161.8,50.7,79.2,"BSS"
2024-10-11,"weekend",5.4,"private_boat","ring_net_only",12.8,1.7,21.9,NA,NA,NA,NA,NA,NA,12.8,21.9,"PE"
2024-10-11,"weekend",5.4,"shore","ring_net_only",57.2,0.7,37.8,81.3,41,164.1,103.8,51.2,210.4,81.3,103.8,"BSS"
2024-10-12,"weekend",5.4,"private_boat","ring_net_only",38.4,0,0,NA,NA,NA,NA,NA,NA,38.4,0,"PE"
2024-10-12,"weekend",5.4,"shore","ring_net_only",253.4,0.3,77,81.4,41.8,159.3,103.4,52.1,208.8,81.4,103.4,"BSS"
2024-10-13,"weekend",5.4,"private_boat","ring_net_only",29.9,1.1,31.9,NA,NA,NA,NA,NA,NA,29.9,31.9,"PE"
2024-10-13,"weekend",5.4,"shore","ring_net_only",261.7,0.5,118.3,81.6,41.7,163.3,103.4,52.5,210.5,81.6,103.4,"BSS"
2024-10-14,"weekday",5.6,"private_boat","ring_net_only",NA,NA,NA,NA,NA,NA,NA,NA,NA,NA,NA,"PE"
2024-10-14,"weekday",5.6,"shore","ring_net_only",NA,NA,NA,46.6,24.3,90.9,62.9,32.2,125.3,46.6,62.9,"BSS"
2024-10-15,"weekday",5.6,"private_boat","ring_net_only",8.9,NA,NA,NA,NA,NA,NA,NA,NA,8.9,NA,"PE"
2024-10-15,"weekday",5.6,"shore","ring_net_only",115.6,0.6,69.6,46.3,23.5,90.1,62.6,31.2,124.1,46.3,62.6,"BSS"
2024-10-16,"weekday",5.6,"private_boat","ring_net_only",8.9,NA,NA,NA,NA,NA,NA,NA,NA,8.9,NA,"PE"
2024-10-16,"weekday",5.6,"shore","ring_net_only",158.4,0.7,109.2,46.6,24.2,90.7,63,32.1,124.1,46.6,63,"BSS"
2024-10-17,"weekday",5.6,"private_boat","ring_net_only",8.9,0.8,7.3,NA,NA,NA,NA,NA,NA,8.9,7.3,"PE"
2024-10-17,"weekday",5.6,"shore","ring_net_only",184.1,0.6,111,46.5,24,90.1,62.5,31.7,123.1,46.5,62.5,"BSS"
2024-10-18,"weekend",5.4,"private_boat","ring_net_only",4.3,NA,NA,NA,NA,NA,NA,NA,NA,4.3,NA,"PE"
2024-10-18,"weekend",5.4,"shore","ring_net_only",159.6,0.4,58.4,74.8,37.7,148.2,82.7,41,165.6,74.8,82.7,"BSS"
2024-10-19,"weekend",5.4,"private_boat","ring_net_only",0,NA,NA,NA,NA,NA,NA,NA,NA,0,NA,"PE"
2024-10-19,"weekend",5.4,"shore","ring_net_only",253.8,0.4,93.6,75.2,38,151.4,82.5,40.6,167.2,75.2,82.5,"BSS"
2024-10-20,"weekend",5.4,"private_boat","ring_net_only",NA,NA,NA,NA,NA,NA,NA,NA,NA,NA,NA,"PE"
2024-10-20,"weekend",5.4,"shore","ring_net_only",NA,NA,NA,75.2,37.9,149.8,82.8,40.6,168.4,75.2,82.8,"BSS"
2024-10-21,"weekday",5.6,"private_boat","ring_net_only",4.5,NA,NA,NA,NA,NA,NA,NA,NA,4.5,NA,"PE"
2024-10-21,"weekday",5.6,"shore","ring_net_only",124.3,0.4,44.1,46.4,24,90.1,62.8,31.9,123.4,46.4,62.8,"BSS"
2024-10-22,"weekday",5.6,"private_boat","ring_net_only",0,NA,NA,NA,NA,NA,NA,NA,NA,0,NA,"PE"
2024-10-22,"weekday",5.6,"shore","ring_net_only",107.1,0.4,47.3,46.4,24.1,90.9,62.6,32,124.5,46.4,62.6,"BSS"
2024-10-23,"weekday",5.7,"private_boat","ring_net_only",0,NA,NA,NA,NA,NA,NA,NA,NA,0,NA,"PE"
2024-10-23,"weekday",5.7,"shore","ring_net_only",150,0.5,81.2,46.6,23.9,90.2,63,31.6,125.4,46.6,63,"BSS"
2024-10-24,"weekday",5.7,"private_boat","ring_net_only",8.9,3,26.8,NA,NA,NA,NA,NA,NA,8.9,26.8,"PE"
2024-10-24,"weekday",5.7,"shore","ring_net_only",102.9,0.7,71.8,46.3,23.8,91.3,62.5,31.5,124.9,46.3,62.5,"BSS"
2024-10-25,"weekend",5.4,"private_boat","ring_net_only",0,NA,NA,NA,NA,NA,NA,NA,NA,0,NA,"PE"
2024-10-25,"weekend",5.4,"shore","ring_net_only",41,3,122.9,74.7,38.1,147.9,82.2,40.9,164.3,74.7,82.2,"BSS"
2024-10-26,"weekend",5.4,"private_boat","ring_net_only",4.3,NA,NA,NA,NA,NA,NA,NA,NA,4.3,NA,"PE"
2024-10-26,"weekend",5.4,"shore","ring_net_only",147.5,0.5,67.9,74.9,38.3,146.3,82.5,41.4,164.4,74.9,82.5,"BSS"
2024-10-27,"weekend",5.4,"private_boat","ring_net_only",NA,NA,NA,NA,NA,NA,NA,NA,NA,NA,NA,"PE"
2024-10-27,"weekend",5.4,"shore","ring_net_only",73.8,0.4,32.6,74.9,38.2,147.5,82.3,41.2,167.4,74.9,82.3,"BSS"
2024-10-28,"weekday",5.7,"private_boat","ring_net_only",NA,NA,NA,NA,NA,NA,NA,NA,NA,NA,NA,"PE"
2024-10-28,"weekday",5.7,"shore","ring_net_only",NA,NA,NA,41.7,20.7,82.2,65.7,32.2,134.4,41.7,65.7,"BSS"
2024-10-29,"weekday",5.7,"private_boat","ring_net_only",NA,NA,NA,NA,NA,NA,NA,NA,NA,NA,NA,"PE"
2024-10-29,"weekday",5.7,"shore","ring_net_only",NA,NA,NA,41.5,20.8,81.8,65.5,32,131.2,41.5,65.5,"BSS"
2024-10-30,"weekday",5.7,"private_boat","ring_net_only",4.5,2.4,10.7,NA,NA,NA,NA,NA,NA,4.5,10.7,"PE"
2024-10-30,"weekday",5.7,"shore","ring_net_only",77.2,0.8,59.6,41.8,20.8,82.8,66.1,31.6,136.9,41.8,66.1,"BSS"
2024-10-31,"weekday",5.7,"private_boat","ring_net_only",NA,NA,NA,NA,NA,NA,NA,NA,NA,NA,NA,"PE"
2024-10-31,"weekday",5.7,"shore","ring_net_only",51.5,0.7,34.3,41.7,21.1,80.3,65.6,31.8,130.7,41.7,65.6,"BSS"
2024-11-01,"weekend",5.4,"private_boat","ring_net_only",8.6,NA,NA,NA,NA,NA,NA,NA,NA,8.6,NA,"PE"
2024-11-01,"weekend",5.4,"shore","ring_net_only",135.4,0.6,83.4,66.5,32.3,133.7,85.6,40.5,176.5,66.5,85.6,"BSS"
2024-11-02,"weekend",5.4,"private_boat","ring_net_only",NA,NA,NA,NA,NA,NA,NA,NA,NA,NA,NA,"PE"
2024-11-02,"weekend",5.4,"shore","ring_net_only",324.1,0.3,112.3,67.1,33.1,132.1,85.9,41.6,173.8,67.1,85.9,"BSS"
2024-11-03,"weekend",5.4,"private_boat","ring_net_only",NA,NA,NA,NA,NA,NA,NA,NA,NA,NA,NA,"PE"
2024-11-03,"weekend",5.4,"shore","ring_net_only",NA,NA,NA,66.5,32.6,134.4,85.2,41.7,174.4,66.5,85.2,"BSS"
2024-11-04,"weekday",5.7,"private_boat","ring_net_only",NA,NA,NA,NA,NA,NA,NA,NA,NA,NA,NA,"PE"
2024-11-04,"weekday",5.7,"shore","ring_net_only",NA,NA,NA,41.5,20.5,82.8,65.5,31.6,134.5,41.5,65.5,"BSS"
2024-11-05,"weekday",5.7,"private_boat","ring_net_only",0,NA,NA,NA,NA,NA,NA,NA,NA,0,NA,"PE"
2024-11-05,"weekday",5.7,"shore","ring_net_only",34.4,0.2,6.6,41.8,20.6,84.2,65.4,31.9,136.9,41.8,65.4,"BSS"
2024-11-06,"weekday",5.7,"private_boat","ring_net_only",4.5,NA,NA,NA,NA,NA,NA,NA,NA,4.5,NA,"PE"
2024-11-06,"weekday",5.7,"shore","ring_net_only",73,0.5,38.8,42,20.5,81.6,66,31.5,132.7,42,66,"BSS"
2024-11-07,"weekday",5.7,"private_boat","ring_net_only",17.9,2,35.9,NA,NA,NA,NA,NA,NA,17.9,35.9,"PE"
2024-11-07,"weekday",5.7,"shore","ring_net_only",107.4,0.5,57.8,41.6,20.5,82.7,65.6,31.1,134.2,41.6,65.6,"BSS"
2024-11-08,"weekend",5.4,"private_boat","ring_net_only",4.3,4,17.1,NA,NA,NA,NA,NA,NA,4.3,17.1,"PE"
2024-11-08,"weekend",5.4,"shore","ring_net_only",147.8,1.2,170.7,67.3,33,133.3,85.7,41.5,176.1,67.3,85.7,"BSS"
2024-11-09,"weekend",5.4,"private_boat","ring_net_only",0,NA,NA,NA,NA,NA,NA,NA,NA,0,NA,"PE"
2024-11-09,"weekend",5.4,"shore","ring_net_only",90.3,0.5,49.2,66.9,33.6,129.8,85.7,41.8,171.7,66.9,85.7,"BSS"
2024-11-10,"weekend",5.4,"private_boat","ring_net_only",NA,NA,NA,NA,NA,NA,NA,NA,NA,NA,NA,"PE"
2024-11-10,"weekend",5.4,"shore","ring_net_only",NA,NA,NA,66.9,33.1,132.3,85.8,42.1,171.9,66.9,85.8,"BSS"
2024-11-11,"weekday",5.7,"private_boat","ring_net_only",NA,NA,NA,NA,NA,NA,NA,NA,NA,NA,NA,"PE"
2024-11-11,"weekday",5.7,"shore","ring_net_only",NA,NA,NA,40.4,20,81.9,51.6,24.9,107.5,40.4,51.6,"BSS"
2024-11-12,"weekday",5.7,"private_boat","ring_net_only",0,NA,NA,NA,NA,NA,NA,NA,NA,0,NA,"PE"
2024-11-12,"weekday",5.7,"shore","ring_net_only",NA,NA,NA,40.7,20.2,82.4,51.8,25,107,40.7,51.8,"BSS"
2024-11-13,"weekday",5.7,"private_boat","ring_net_only",0,NA,NA,NA,NA,NA,NA,NA,NA,0,NA,"PE"
2024-11-13,"weekday",5.7,"shore","ring_net_only",107.4,1.1,115.6,40.5,19.9,80.1,51.8,24.5,103.9,40.5,51.8,"BSS"
2024-11-14,"weekday",5.7,"private_boat","ring_net_only",0,NA,NA,NA,NA,NA,NA,NA,NA,0,NA,"PE"
2024-11-14,"weekday",5.7,"shore","ring_net_only",184.8,0.6,116.1,40.6,20,81.6,51.8,25.1,105.6,40.6,51.8,"BSS"
2024-11-15,"weekend",5.4,"private_boat","ring_net_only",NA,NA,NA,NA,NA,NA,NA,NA,NA,NA,NA,"PE"
2024-11-15,"weekend",5.4,"shore","ring_net_only",189,0.4,74.8,65,31.7,130.2,67.6,32.1,139.3,65,67.6,"BSS"
2024-11-16,"weekend",5.4,"private_boat","ring_net_only",NA,NA,NA,NA,NA,NA,NA,NA,NA,NA,NA,"PE"
2024-11-16,"weekend",5.4,"shore","ring_net_only",234.2,0.5,107.9,65.4,32,130.4,67.7,32.1,140.8,65.4,67.7,"BSS"
2024-11-17,"weekend",5.4,"private_boat","ring_net_only",NA,NA,NA,NA,NA,NA,NA,NA,NA,NA,NA,"PE"
2024-11-17,"weekend",5.4,"shore","ring_net_only",NA,NA,NA,65,32.5,128.2,67.4,32.5,137.7,65,67.4,"BSS"
2024-11-18,"weekday",5.7,"private_boat","ring_net_only",NA,NA,NA,NA,NA,NA,NA,NA,NA,NA,NA,"PE"
2024-11-18,"weekday",5.7,"shore","ring_net_only",NA,NA,NA,40.6,19.3,81.1,51.9,24.1,105.4,40.6,51.9,"BSS"
2024-11-19,"weekday",5.7,"private_boat","ring_net_only",0,NA,NA,NA,NA,NA,NA,NA,NA,0,NA,"PE"
2024-11-19,"weekday",5.7,"shore","ring_net_only",55.9,0.4,22.9,40.7,20,80.9,51.9,24.7,106.7,40.7,51.9,"BSS"
2024-11-20,"weekday",5.7,"private_boat","ring_net_only",0,NA,NA,NA,NA,NA,NA,NA,NA,0,NA,"PE"
2024-11-20,"weekday",5.7,"shore","ring_net_only",0,NA,NA,40.9,20.1,81.6,51.9,25,107.6,40.9,51.9,"BSS"
2024-11-21,"weekday",5.7,"private_boat","ring_net_only",0,NA,NA,NA,NA,NA,NA,NA,NA,0,NA,"PE"
2024-11-21,"weekday",5.7,"shore","ring_net_only",64.5,0.8,50.5,40.4,20.3,82.3,51.8,25.3,107.1,40.4,51.8,"BSS"
2024-11-22,"weekend",5.4,"private_boat","ring_net_only",0,NA,NA,NA,NA,NA,NA,NA,NA,0,NA,"PE"
2024-11-22,"weekend",5.4,"shore","ring_net_only",24.7,0.6,15.7,65.2,32.5,130.4,68,33,139.5,65.2,68,"BSS"
2024-11-23,"weekend",5.4,"private_boat","ring_net_only",NA,NA,NA,NA,NA,NA,NA,NA,NA,NA,NA,"PE"
2024-11-23,"weekend",5.4,"shore","ring_net_only",94.5,0.8,79.7,65.8,32.4,130.8,68.3,32.5,139.7,65.8,68.3,"BSS"
2024-11-24,"weekend",5.4,"private_boat","ring_net_only",NA,NA,NA,NA,NA,NA,NA,NA,NA,NA,NA,"PE"
2024-11-24,"weekend",5.4,"shore","ring_net_only",NA,NA,NA,64.7,31.9,130.4,67.5,31.6,139.4,64.7,67.5,"BSS"
2024-11-25,"weekday",5.7,"private_boat","ring_net_only",NA,NA,NA,NA,NA,NA,NA,NA,NA,NA,NA,"PE"
2024-11-25,"weekday",5.7,"shore","ring_net_only",NA,NA,NA,55.6,26.1,124.9,91.3,41.8,208.6,55.6,91.3,"BSS"
2024-11-26,"weekday",5.7,"private_boat","ring_net_only",4.5,NA,NA,NA,NA,NA,NA,NA,NA,4.5,NA,"PE"
2024-11-26,"weekday",5.7,"shore","ring_net_only",111.8,1.4,155.9,55.3,26.5,126.7,91.1,43.2,213.6,55.3,91.1,"BSS"
2024-11-27,"weekday",5.7,"private_boat","ring_net_only",NA,NA,NA,NA,NA,NA,NA,NA,NA,NA,NA,"PE"
2024-11-27,"weekday",5.7,"shore","ring_net_only",141.9,0.8,110.2,55.4,26.4,125.8,91.2,42.4,214.3,55.4,91.2,"BSS"
2024-11-28,"weekday",5.7,"private_boat","ring_net_only",NA,NA,NA,NA,NA,NA,NA,NA,NA,NA,NA,"PE"
2024-11-28,"weekday",5.7,"shore","ring_net_only",NA,NA,NA,55.2,27.4,123.8,91.1,44,209.8,55.2,91.1,"BSS"
2024-11-29,"holiday",5.4,"private_boat","ring_net_only",NA,NA,NA,NA,NA,NA,NA,NA,NA,NA,NA,"PE"
2024-11-29,"holiday",5.4,"shore","ring_net_only",209.6,0.4,91.2,93.1,30.7,329.2,125.6,40,450.3,93.1,125.6,"BSS"
2024-11-30,"weekend",5.4,"private_boat","ring_net_only",8.6,NA,NA,NA,NA,NA,NA,NA,NA,8.6,NA,"PE"
2024-11-30,"weekend",5.4,"shore","ring_net_only",505.6,0.6,280.8,88.8,43.9,201.1,118.9,57.2,274.2,88.8,118.9,"BSS"
2024-12-01,"weekend",5.4,"private_boat","all_gear",NA,NA,NA,10.5,4.8,23.2,41.5,17.7,99.2,10.5,41.5,"BSS"
2024-12-01,"weekend",5.4,"shore","all_gear",323.5,0.4,130.7,85.4,44.6,162.1,91.1,47.3,175.8,85.4,91.1,"BSS"
2024-12-02,"weekday",5.7,"private_boat","all_gear",4.6,4,18.5,8,3.7,18.2,32.2,14.4,78.3,8,32.2,"BSS"
2024-12-02,"weekday",5.7,"shore","all_gear",NA,0,NA,39.7,21.4,74.7,63.4,33.7,123.2,39.7,63.4,"BSS"
2024-12-03,"weekday",5.7,"private_boat","all_gear",9.3,0.3,3,8,3.6,17.8,32.5,14,77.9,8,32.5,"BSS"
2024-12-03,"weekday",5.7,"shore","all_gear",120.3,0.7,78.6,39.6,21,74.5,63.3,33,121.3,39.6,63.3,"BSS"
2024-12-04,"weekday",5.7,"private_boat","all_gear",23.2,0.9,21.7,8,3.8,17.2,32.7,14.5,74.6,8,32.7,"BSS"
2024-12-04,"weekday",5.7,"shore","all_gear",133.6,0.8,104.3,39.4,21,75.9,63.1,32.9,124.6,39.4,63.1,"BSS"
2024-12-05,"weekday",5.7,"private_boat","all_gear",13.9,0.4,5.5,8.1,3.6,17.9,32.7,14.3,77.6,8.1,32.7,"BSS"
2024-12-05,"weekday",5.7,"shore","all_gear",89.1,0.6,57.2,40,21,74,64.1,32.9,119.9,40,64.1,"BSS"
2024-12-06,"weekend",5.4,"private_boat","all_gear",8.9,1.7,14.6,10.6,4.8,23.4,41.7,17.9,96.3,10.6,41.7,"BSS"
2024-12-06,"weekend",5.4,"shore","all_gear",106.4,0.8,81.5,92.3,51.2,166.1,98.9,53.7,179.9,92.3,98.9,"BSS"
2024-12-07,"weekend",5.4,"private_boat","all_gear",8.9,0.2,1.8,10.5,4.7,23.7,41.3,18.3,99,10.5,41.3,"BSS"
2024-12-07,"weekend",5.4,"shore","all_gear",132,0.5,62.6,85.3,44.6,160.3,91,47.4,174.3,85.3,91,"BSS"
2024-12-08,"weekend",5.4,"private_boat","all_gear",NA,NA,NA,10.5,4.9,23.5,41.9,18.3,98.1,10.5,41.9,"BSS"
2024-12-08,"weekend",5.4,"shore","all_gear",NA,NA,NA,85.4,45.4,162.4,91.1,47.5,175.8,85.4,91.1,"BSS"
2024-12-09,"weekday",5.7,"private_boat","all_gear",NA,NA,NA,8,3.7,18,32.2,14.3,79.1,8,32.2,"BSS"
2024-12-09,"weekday",5.7,"shore","all_gear",NA,NA,NA,39.7,21,76.3,63.3,33,126,39.7,63.3,"BSS"
2024-12-10,"weekday",5.7,"private_boat","all_gear",4.6,0.3,1.5,8,3.7,17.6,32.6,14.3,77.9,8,32.6,"BSS"
2024-12-10,"weekday",5.7,"shore","all_gear",102.4,0.5,47,39.8,21.2,75.8,63.5,33.3,123.6,39.8,63.5,"BSS"
2024-12-11,"weekday",5.7,"private_boat","all_gear",0,0.1,0,8.1,3.6,17.7,32.6,14.1,76.5,8.1,32.6,"BSS"
2024-12-11,"weekday",5.7,"shore","all_gear",89.1,0.7,61.3,39.3,21,74.4,62.8,32.9,121.5,39.3,62.8,"BSS"
2024-12-12,"weekday",5.7,"private_boat","all_gear",4.6,0.2,1,8.1,3.7,17.6,32.5,14.5,74.9,8.1,32.5,"BSS"
2024-12-12,"weekday",5.7,"shore","all_gear",173.7,0.9,162.2,39.7,21.1,74.4,63.5,33.2,121.4,39.7,63.5,"BSS"
2024-12-13,"weekend",5.4,"private_boat","all_gear",0,2.2,0,10.5,4.7,23.4,41.5,17.7,97.2,10.5,41.5,"BSS"
2024-12-13,"weekend",5.4,"shore","all_gear",93.6,0.7,62.6,86,45.4,160.6,91.7,47.8,174.6,86,91.7,"BSS"
2024-12-14,"weekend",5.4,"private_boat","all_gear",0,NA,NA,10.5,4.8,22.8,41.6,18.1,95,10.5,41.6,"BSS"
2024-12-14,"weekend",5.4,"shore","all_gear",157.5,0.9,143.5,85.6,45.5,160.4,91.2,47.5,174.8,85.6,91.2,"BSS"
2024-12-15,"weekend",5.4,"private_boat","all_gear",8.9,NA,NA,10.6,4.6,23.3,42,18.3,99.2,10.6,42,"BSS"
2024-12-15,"weekend",5.4,"shore","all_gear",140.4,0.2,26.5,85.3,45.1,160.8,91.1,46.5,174.3,85.3,91.1,"BSS"
2024-12-16,"weekday",5.7,"private_boat","all_gear",NA,NA,NA,8.1,3.7,18.1,32.9,14.4,77.4,8.1,32.9,"BSS"
2024-12-16,"weekday",5.7,"shore","all_gear",NA,NA,NA,39.5,20.7,74.6,63.4,32.4,122.4,39.5,63.4,"BSS"
2024-12-17,"weekday",5.7,"private_boat","all_gear",NA,NA,NA,8,3.6,18.3,32.8,14.1,79.2,8,32.8,"BSS"
2024-12-17,"weekday",5.7,"shore","all_gear",NA,NA,NA,39.3,21,74,62.9,33,120.8,39.3,62.9,"BSS"
2024-12-18,"weekday",5.7,"private_boat","all_gear",18.5,0.5,8.8,8,3.7,17,32.5,14.3,74.9,8,32.5,"BSS"
2024-12-18,"weekday",5.7,"shore","all_gear",142.5,0.9,133.2,39.7,21.3,74.4,63.6,33,122.4,39.7,63.6,"BSS"
2024-12-19,"weekday",5.7,"private_boat","all_gear",NA,NA,NA,8,3.8,17.8,32.4,14.1,75.3,8,32.4,"BSS"
2024-12-19,"weekday",5.7,"shore","all_gear",NA,NA,NA,39.9,21.4,74.8,63.7,33.3,122.4,39.9,63.7,"BSS"
2024-12-20,"weekend",5.4,"private_boat","all_gear",4.4,0.2,1.1,10.5,4.8,22.9,41.4,18.6,94.8,10.5,41.4,"BSS"
2024-12-20,"weekend",5.4,"shore","all_gear",93.6,0.7,62.3,84.9,44.3,162.1,91,46.7,176.3,84.9,91,"BSS"
2024-12-21,"weekend",5.4,"private_boat","all_gear",4.4,2,8.9,10.4,4.8,22.4,41.3,18.4,95.4,10.4,41.3,"BSS"
2024-12-21,"weekend",5.4,"shore","all_gear",85.1,0.3,27.9,85,44.5,161.4,90.7,46.8,176.5,85,90.7,"BSS"
2024-12-22,"weekend",5.4,"private_boat","all_gear",4.4,0.1,0.3,10.5,4.9,22.8,41.6,18.8,95.3,10.5,41.6,"BSS"
2024-12-22,"weekend",5.4,"shore","all_gear",80.8,0.1,11.1,84.7,45.4,161.1,91,47.1,176.8,84.7,91,"BSS"
2024-12-23,"weekday",5.7,"private_boat","all_gear",9.3,NA,NA,8,3.6,17.5,32.2,14,74.9,8,32.2,"BSS"
2024-12-23,"weekday",5.7,"shore","all_gear",129.1,0.3,36.6,39.6,21.2,74.9,63.2,33,122.9,39.6,63.2,"BSS"
2024-12-24,"weekday",5.7,"private_boat","all_gear",4.6,NA,NA,8,3.6,17.6,32.8,14,75.8,8,32.8,"BSS"
2024-12-24,"weekday",5.7,"shore","all_gear",137.9,0.8,112,39.5,21.4,73.6,63.1,33.5,120.2,39.5,63.1,"BSS"
2024-12-25,"weekday",5.7,"private_boat","all_gear",NA,NA,NA,8.1,3.7,18,32.8,14.3,78.8,8.1,32.8,"BSS"
2024-12-25,"weekday",5.7,"shore","all_gear",NA,NA,NA,39.5,20.7,75,63.2,32.3,122.7,39.5,63.2,"BSS"
2024-12-26,"weekday",5.7,"private_boat","all_gear",0,NA,NA,8.1,3.7,17.9,32.9,14.2,78.4,8.1,32.9,"BSS"
2024-12-26,"weekday",5.7,"shore","all_gear",146.8,0.4,65.9,39.7,20.5,75.7,63.6,31.8,123.5,39.7,63.6,"BSS"
2024-12-27,"weekend",5.4,"private_boat","all_gear",8.8,8,70.8,10.6,4.8,23.1,42.3,17.9,96.5,10.6,42.3,"BSS"
2024-12-27,"weekend",5.4,"shore","all_gear",212.6,0.5,103,84.7,44.4,160.7,90.5,46.7,173.9,84.7,90.5,"BSS"
2024-12-28,"weekend",5.4,"private_boat","all_gear",22.1,0.2,4.4,10.4,4.7,24.1,41,17.7,104.3,10.4,41,"BSS"
2024-12-28,"weekend",5.4,"shore","all_gear",246.6,0.3,64.3,85,44.6,161.3,90.9,47.1,174.3,85,90.9,"BSS"
2024-12-29,"weekend",5.4,"private_boat","all_gear",NA,NA,NA,10.5,4.8,23.5,41.4,17.9,97.1,10.5,41.4,"BSS"
2024-12-29,"weekend",5.4,"shore","all_gear",NA,NA,NA,84.7,45.2,160.1,90.7,47.1,177.2,84.7,90.7,"BSS"
2024-12-30,"weekday",5.7,"private_boat","all_gear",NA,NA,NA,8,3.6,17.4,32.8,14.3,75.3,8,32.8,"BSS"
2024-12-30,"weekday",5.7,"shore","all_gear",NA,NA,NA,39.8,21.3,75,63.5,32.9,121.9,39.8,63.5,"BSS"
2024-12-31,"holiday",5.4,"private_boat","all_gear",8.8,0.7,6.2,17.6,6.3,52.9,69.7,24.2,216,17.6,69.7,"BSS"
2024-12-31,"holiday",5.4,"shore","all_gear",408,0.5,188.5,125.4,61.2,257.6,133.6,63.4,278.7,125.4,133.6,"BSS"
2025-01-01,"holiday",4.3,"private_boat","all_gear",10.5,1.3,14,13.5,4.9,40,52,18,164.3,13.5,52,"BSS"
2025-01-01,"holiday",4.3,"shore","all_gear",185.6,0.4,71.1,129.8,62.7,270.5,66.4,31,142.9,129.8,66.4,"BSS"
2025-01-02,"weekday",4.5,"private_boat","all_gear",0,1.9,0,6.2,2.7,13.5,24.4,10.2,57.7,6.2,24.4,"BSS"
2025-01-02,"weekday",4.5,"shore","all_gear",99,0.3,26,40.8,21.5,78.2,31,15.9,61.4,40.8,31,"BSS"
2025-01-03,"weekend",4.3,"private_boat","all_gear",0,0.1,0,8,3.6,18.2,30.8,13,75.3,8,30.8,"BSS"
2025-01-03,"weekend",4.3,"shore","all_gear",186.1,0.4,78.7,88,47.4,166.4,45,23.3,86.5,88,45,"BSS"
2025-01-04,"weekend",4.3,"private_boat","all_gear",0,NA,NA,8,3.6,17.9,30.9,12.8,75.8,8,30.9,"BSS"
2025-01-04,"weekend",4.3,"shore","all_gear",132.2,0.1,18.1,88.7,46.9,165,45.4,23,86.7,88.7,45.4,"BSS"
2025-01-05,"weekend",4.3,"private_boat","all_gear",NA,NA,NA,8.1,3.4,18.5,31.4,12.5,76.6,8.1,31.4,"BSS"
2025-01-05,"weekend",4.3,"shore","all_gear",NA,NA,NA,87.7,46.6,165.4,44.8,23.3,86.9,87.7,44.8,"BSS"
2025-01-06,"weekday",4.5,"private_boat","all_gear",NA,NA,NA,6.1,2.8,13.8,24.3,10.2,56.7,6.1,24.3,"BSS"
2025-01-06,"weekday",4.5,"shore","all_gear",NA,NA,NA,40.6,21.9,75.6,31,16.3,59.4,40.6,31,"BSS"
2025-01-07,"weekday",4.5,"private_boat","all_gear",0,0.2,0,6.2,2.7,13.7,24.6,10.3,55.9,6.2,24.6,"BSS"
2025-01-07,"weekday",4.5,"shore","all_gear",67.6,0,2.8,40.9,21.6,77,31.1,15.9,61.5,40.9,31.1,"BSS"
2025-01-08,"weekday",4.5,"private_boat","all_gear",14.8,0.2,3.7,6.1,2.7,14,24.3,10.3,59.7,6.1,24.3,"BSS"
2025-01-08,"weekday",4.5,"shore","all_gear",103.4,0.3,35.3,40.8,21.3,78.3,31.2,15.9,61.6,40.8,31.2,"BSS"
2025-01-09,"weekday",4.5,"private_boat","all_gear",3.7,NA,NA,6.2,2.7,13.6,24.8,10.3,55.9,6.2,24.8,"BSS"
2025-01-09,"weekday",4.5,"shore","all_gear",124.9,0.6,70.6,41.2,22.2,76.8,31.3,16.4,60.7,41.2,31.3,"BSS"
2025-01-10,"weekend",4.3,"private_boat","all_gear",3.6,NA,NA,8.1,3.5,17.6,31,12.7,72.9,8.1,31,"BSS"
2025-01-10,"weekend",4.3,"shore","all_gear",116.2,0.3,35.6,88,46.5,167.1,44.9,22.9,87.5,88,44.9,"BSS"
2025-01-11,"weekend",4.4,"private_boat","all_gear",3.6,NA,NA,8,3.5,18.3,30.9,12.4,79.7,8,30.9,"BSS"
2025-01-11,"weekend",4.4,"shore","all_gear",509.7,0.1,72.4,88.4,46.8,165.1,44.9,23.2,86.2,88.4,44.9,"BSS"
2025-01-12,"weekend",4.4,"private_boat","all_gear",NA,NA,NA,8,3.5,17.9,31.1,12.8,75.9,8,31.1,"BSS"
2025-01-12,"weekend",4.4,"shore","all_gear",NA,NA,NA,87.8,46.9,164.8,44.7,23.2,86.3,87.8,44.7,"BSS"
2025-01-13,"weekday",4.6,"private_boat","all_gear",NA,NA,NA,6.1,2.7,14.1,24.4,10.3,57.4,6.1,24.4,"BSS"
2025-01-13,"weekday",4.6,"shore","all_gear",NA,NA,NA,40.8,21.4,76.8,31.3,15.6,60.1,40.8,31.3,"BSS"
2025-01-14,"weekday",4.6,"private_boat","all_gear",18.7,2.7,49.9,6.1,2.7,13.3,24.2,10.3,56.2,6.1,24.2,"BSS"
2025-01-14,"weekday",4.6,"shore","all_gear",179.7,0.5,88.6,41.1,22.2,76.6,31.3,16.4,61.7,41.1,31.3,"BSS"
2025-01-15,"weekday",4.6,"private_boat","all_gear",NA,NA,NA,6.2,2.7,13.6,24.5,10.4,57,6.2,24.5,"BSS"
2025-01-15,"weekday",4.6,"shore","all_gear",NA,NA,NA,40.9,21.9,76.9,31.4,16.2,59.7,40.9,31.4,"BSS"
2025-01-16,"weekday",4.6,"private_boat","all_gear",0,NA,NA,6.2,2.9,13.3,24.6,10.8,56.3,6.2,24.6,"BSS"
2025-01-16,"weekday",4.6,"shore","all_gear",57.6,0.3,19.2,41,22,77,31.5,16.3,60.5,41,31.5,"BSS"
2025-01-17,"weekend",4.4,"private_boat","all_gear",10.8,3,32.3,8.1,3.5,18.1,31.1,12.5,73.1,8.1,31.1,"BSS"
2025-01-17,"weekend",4.4,"shore","all_gear",162.1,0.2,36.1,87.6,46.6,167.5,44.8,22.7,88,87.6,44.8,"BSS"
2025-01-18,"weekend",4.4,"private_boat","all_gear",14.4,1.2,17.7,8.1,3.5,17.9,31.1,12.8,75.5,8.1,31.1,"BSS"
2025-01-18,"weekend",4.4,"shore","all_gear",214.1,0.2,47.8,87.5,46.4,168,44.9,22.6,87.7,87.5,44.9,"BSS"
2025-01-19,"weekend",4.4,"private_boat","all_gear",NA,NA,NA,8.1,3.5,18,31.2,12.7,74.9,8.1,31.2,"BSS"
2025-01-19,"weekend",4.4,"shore","all_gear",NA,NA,NA,88.2,46.2,167.1,45,23.2,87.7,88.2,45,"BSS"
2025-01-20,"weekday",4.6,"private_boat","all_gear",NA,NA,NA,6.2,2.7,13.6,24.5,10,57.5,6.2,24.5,"BSS"
2025-01-20,"weekday",4.6,"shore","all_gear",NA,NA,NA,40.9,22.1,76.3,31.1,16.3,60.7,40.9,31.1,"BSS"
2025-01-21,"weekday",4.6,"private_boat","all_gear",3.8,1.2,4.5,6.2,2.8,13.7,24.6,10.2,58,6.2,24.6,"BSS"
2025-01-21,"weekday",4.6,"shore","all_gear",58,0.1,7.8,41.1,22.1,76.4,31.3,16.3,60.3,41.1,31.3,"BSS"
2025-01-22,"weekday",4.6,"private_boat","all_gear",3.8,NA,NA,6.2,2.9,13.5,24.5,10.9,56.7,6.2,24.5,"BSS"
2025-01-22,"weekday",4.6,"shore","all_gear",29.1,0.2,7.3,39.1,21.9,70.9,30,16.1,55.2,39.1,30,"BSS"
2025-01-23,"weekday",4.6,"private_boat","all_gear",0,2,0,6.2,2.8,13.6,24.4,10.5,57.1,6.2,24.4,"BSS"
2025-01-23,"weekday",4.6,"shore","all_gear",58.2,0.1,3,41.2,21.8,79.6,31.4,16.1,62.2,41.2,31.4,"BSS"
2025-01-24,"weekend",4.4,"private_boat","all_gear",3.6,3,10.9,8.1,3.5,17.9,31.4,12.9,72.6,8.1,31.4,"BSS"
2025-01-24,"weekend",4.4,"shore","all_gear",31.3,NA,NA,87.9,46.4,166.6,45,23,88,87.9,45,"BSS"
2025-01-25,"weekend",4.4,"private_boat","all_gear",3.6,0.3,0.9,8.1,3.5,17.5,31.3,12.8,72.3,8.1,31.3,"BSS"
2025-01-25,"weekend",4.4,"shore","all_gear",236.9,0.2,53.1,88.1,48.1,165.2,44.8,23.8,86,88.1,44.8,"BSS"
2025-01-26,"weekend",4.4,"private_boat","all_gear",NA,NA,NA,8,3.6,17.9,31.3,13,75.4,8,31.3,"BSS"
2025-01-26,"weekend",4.4,"shore","all_gear",NA,NA,NA,88.3,47.4,165.5,45,23.2,87.3,88.3,45,"BSS"
2025-01-27,"weekday",4.7,"private_boat","all_gear",NA,NA,NA,6.2,2.7,13.4,24.5,10.1,56.4,6.2,24.5,"BSS"
2025-01-27,"weekday",4.7,"shore","all_gear",NA,NA,NA,41.3,21.5,76.6,31.5,16.1,60.3,41.3,31.5,"BSS"
2025-01-28,"weekday",4.7,"private_boat","all_gear",NA,NA,NA,6.2,2.8,13.7,24.5,10.3,57.4,6.2,24.5,"BSS"
2025-01-28,"weekday",4.7,"shore","all_gear",NA,NA,NA,41.1,21.8,78.2,31.3,16.3,62.1,41.1,31.3,"BSS"
2025-01-29,"weekday",4.7,"private_boat","all_gear",11.4,0.1,1.2,6.2,2.8,13.8,24.4,10.5,56.5,6.2,24.4,"BSS"
2025-01-29,"weekday",4.7,"shore","all_gear",117.3,0.4,52.3,40.9,21.7,77.6,31.2,16.3,61.1,40.9,31.2,"BSS"
2025-01-30,"weekday",4.7,"private_boat","all_gear",0,NA,NA,6.2,2.8,13.2,24.6,10.5,55.9,6.2,24.6,"BSS"
2025-01-30,"weekday",4.7,"shore","all_gear",88.1,0.5,39.8,41,21.7,77.6,31.3,15.8,60.7,41,31.3,"BSS"
2025-01-31,"weekend",4.5,"private_boat","all_gear",0,NA,NA,8,3.5,18.1,31.2,12.7,75.1,8,31.2,"BSS"
2025-01-31,"weekend",4.5,"shore","all_gear",49.2,0.3,15.2,88,47.4,166.1,44.8,23.4,87.1,88,44.8,"BSS"
2025-02-01,"weekend",4.5,"private_boat","all_gear",0,NA,NA,3.7,1.3,9.6,7.4,2.1,25.1,3.7,7.4,"BSS"
2025-02-01,"weekend",4.5,"shore","all_gear",168.7,0.1,22,65,33.5,124,31,15.1,62.3,65,31,"BSS"
2025-02-02,"weekend",4.5,"private_boat","all_gear",NA,NA,NA,3.6,1.3,9.5,7.5,2.1,24.2,3.6,7.5,"BSS"
2025-02-02,"weekend",4.5,"shore","all_gear",NA,NA,NA,65,33.7,124.6,30.8,15.5,62.5,65,30.8,"BSS"
2025-02-03,"weekday",4.7,"private_boat","all_gear",NA,NA,NA,2.8,1,7.4,5.8,1.6,20.5,2.8,5.8,"BSS"
2025-02-03,"weekday",4.7,"shore","all_gear",NA,NA,NA,30.5,15.5,58.8,21.6,10.6,43.6,30.5,21.6,"BSS"
2025-02-04,"weekday",4.7,"private_boat","all_gear",NA,NA,NA,2.8,1,7.4,5.8,1.6,20.6,2.8,5.8,"BSS"
2025-02-04,"weekday",4.7,"shore","all_gear",NA,NA,NA,30.5,15.9,57.8,21.6,10.8,43.4,30.5,21.6,"BSS"
2025-02-05,"weekday",4.7,"private_boat","all_gear",0,NA,NA,2.8,1,7.3,5.9,1.7,19.9,2.8,5.9,"BSS"
2025-02-05,"weekday",4.7,"shore","all_gear",7.4,0,0,30.1,16.1,58.6,21.4,10.9,43.7,30.1,21.4,"BSS"
2025-02-06,"weekday",4.7,"private_boat","all_gear",0,NA,NA,2.8,1.1,7.2,5.9,1.7,19.5,2.8,5.9,"BSS"
2025-02-06,"weekday",4.7,"shore","all_gear",14.8,0.1,1.6,30.3,16.1,57.5,21.6,10.9,43.2,30.3,21.6,"BSS"
2025-02-07,"weekend",4.5,"private_boat","all_gear",0,NA,NA,3.6,1.3,9.5,7.4,2.1,25,3.6,7.4,"BSS"
2025-02-07,"weekend",4.5,"shore","all_gear",46,0.5,21.7,65,33.9,125.7,30.8,15.5,63,65,30.8,"BSS"
2025-02-08,"holiday",4.5,"private_boat","all_gear",7.4,NA,NA,6.2,2,19.5,12.8,3.1,51.1,6.2,12.8,"BSS"
2025-02-08,"holiday",4.5,"shore","all_gear",230.5,0.1,27.5,95.7,46.4,198.2,45.7,21.2,98.6,95.7,45.7,"BSS"
2025-02-09,"weekend",4.5,"private_boat","all_gear",NA,NA,NA,3.7,1.3,9.2,7.5,2.1,24,3.7,7.5,"BSS"
2025-02-09,"weekend",4.5,"shore","all_gear",NA,NA,NA,65.5,33.9,126.4,31.1,15.4,62.4,65.5,31.1,"BSS"
2025-02-10,"weekday",4.7,"private_boat","all_gear",NA,NA,NA,2.8,1,7.3,6,1.7,19.6,2.8,6,"BSS"
2025-02-10,"weekday",4.7,"shore","all_gear",NA,NA,NA,30.2,15.8,58.6,21.6,10.9,43.3,30.2,21.6,"BSS"
2025-02-11,"weekday",4.7,"private_boat","all_gear",0,NA,NA,2.8,1.1,7.4,5.9,1.6,19.5,2.8,5.9,"BSS"
2025-02-11,"weekday",4.7,"shore","all_gear",74.5,0.2,15.1,30.5,15.9,58.4,21.7,10.6,43,30.5,21.7,"BSS"
2025-02-12,"weekday",4.7,"private_boat","all_gear",3.9,NA,NA,2.8,1,7.4,5.9,1.6,20.1,2.8,5.9,"BSS"
2025-02-12,"weekday",4.7,"shore","all_gear",41,0.2,10.3,30.3,16,57.3,21.5,10.8,43.2,30.3,21.5,"BSS"
2025-02-13,"weekday",4.8,"private_boat","all_gear",NA,NA,NA,2.8,1,7.2,5.8,1.7,20.6,2.8,5.8,"BSS"
2025-02-13,"weekday",4.8,"shore","all_gear",NA,NA,NA,30.3,16.1,57.4,21.5,11.1,43.3,30.3,21.5,"BSS"
2025-02-14,"weekend",4.5,"private_boat","all_gear",3.7,3,11.2,3.7,1.4,9.5,7.6,2.1,24.4,3.7,7.6,"BSS"
2025-02-14,"weekend",4.5,"shore","all_gear",82.1,0.1,9.9,64.6,34,123.6,30.6,15.6,60.8,64.6,30.6,"BSS"
2025-02-15,"weekend",4.6,"private_boat","all_gear",7.4,0.3,2,3.7,1.4,9.4,7.5,2,24.6,3.7,7.5,"BSS"
2025-02-15,"weekend",4.6,"shore","all_gear",232.4,0.2,36.4,65.3,33.9,126,31,15.5,61.6,65.3,31,"BSS"
2025-02-16,"weekend",4.6,"private_boat","all_gear",NA,NA,NA,3.6,1.3,9.5,7.5,2.1,24.8,3.6,7.5,"BSS"
2025-02-16,"weekend",4.6,"shore","all_gear",NA,NA,NA,65.2,34.5,125.7,31,15.8,61.8,65.2,31,"BSS"
2025-02-17,"weekday",4.8,"private_boat","all_gear",NA,NA,NA,2.8,1,7.5,5.8,1.6,20.2,2.8,5.8,"BSS"
2025-02-17,"weekday",4.8,"shore","all_gear",NA,NA,NA,30.2,16.1,57.3,21.5,11,42.3,30.2,21.5,"BSS"
2025-02-18,"weekday",4.8,"private_boat","all_gear",NA,NA,NA,2.8,1,7.2,5.9,1.6,20.5,2.8,5.9,"BSS"
2025-02-18,"weekday",4.8,"shore","all_gear",NA,NA,NA,30.3,16.1,56.9,21.6,11,43.2,30.3,21.6,"BSS"
2025-02-19,"weekday",4.8,"private_boat","all_gear",0,NA,NA,2.8,1,7.6,5.9,1.6,20.6,2.8,5.9,"BSS"
2025-02-19,"weekday",4.8,"shore","all_gear",45.1,0,0,30.2,15.7,57.8,21.5,10.8,43.3,30.2,21.5,"BSS"
2025-02-20,"weekday",4.8,"private_boat","all_gear",0,NA,NA,2.8,1,7.4,5.9,1.7,19.8,2.8,5.9,"BSS"
2025-02-20,"weekday",4.8,"shore","all_gear",112.9,0.1,11.3,30.4,16.1,58.7,21.6,11.1,43.4,30.4,21.6,"BSS"
2025-02-21,"weekend",4.6,"private_boat","all_gear",0,NA,NA,3.7,1.3,9.4,7.5,2,25.5,3.7,7.5,"BSS"
2025-02-21,"weekend",4.6,"shore","all_gear",64.8,0.1,8.4,65.1,34.2,125.5,30.8,15.6,61.6,65.1,30.8,"BSS"
2025-02-22,"weekend",4.6,"private_boat","all_gear",3.8,NA,NA,3.7,1.3,9.8,7.6,2.1,25.8,3.7,7.6,"BSS"
2025-02-22,"weekend",4.6,"shore","all_gear",101,0.1,6.1,65.3,33.8,125.9,30.9,15.5,62.1,65.3,30.9,"BSS"
2025-02-23,"weekend",4.6,"private_boat","all_gear",NA,NA,NA,3.7,1.3,9.5,7.5,2.2,25,3.7,7.5,"BSS"
2025-02-23,"weekend",4.6,"shore","all_gear",NA,NA,NA,65.4,34.4,124.3,30.9,15.8,61,65.4,30.9,"BSS"
2025-02-24,"weekday",4.8,"private_boat","all_gear",NA,NA,NA,2.8,1,7.2,5.9,1.7,20,2.8,5.9,"BSS"
2025-02-24,"weekday",4.8,"shore","all_gear",NA,NA,NA,30.1,15.7,57.9,21.4,10.7,43.4,30.1,21.4,"BSS"
2025-02-25,"weekday",4.8,"private_boat","all_gear",0,NA,NA,2.8,1,7.1,5.9,1.7,20.3,2.8,5.9,"BSS"
2025-02-25,"weekday",4.8,"shore","all_gear",41.6,0.1,4.2,30.1,16.1,57.5,21.4,10.9,42.8,30.1,21.4,"BSS"
2025-02-26,"weekday",4.8,"private_boat","all_gear",7.9,0,0,2.8,1,7.1,5.9,1.6,20.1,2.8,5.9,"BSS"
2025-02-26,"weekday",4.8,"shore","all_gear",121.3,0.5,54.8,30.5,15.9,58.7,21.7,10.7,43.5,30.5,21.7,"BSS"
2025-02-27,"weekday",4.8,"private_boat","all_gear",0,NA,NA,2.8,1,7.1,5.9,1.6,20.2,2.8,5.9,"BSS"
2025-02-27,"weekday",4.8,"shore","all_gear",121.4,1,119.2,30.2,15.7,59.5,21.5,10.8,44,30.2,21.5,"BSS"
2025-02-28,"weekend",4.6,"private_boat","all_gear",0,NA,NA,3.7,1.3,9.6,7.6,2.1,25.7,3.7,7.6,"BSS"
2025-02-28,"weekend",4.6,"shore","all_gear",58.1,0.2,10.4,79.3,41.5,151.6,37.7,18.9,75,79.3,37.7,"BSS"
2025-03-01,"weekend",4.6,"private_boat","all_gear",7.6,0.2,1.3,7.9,3.4,18.4,27.1,9.4,81.2,7.9,27.1,"BSS"
2025-03-01,"weekend",4.6,"shore","all_gear",381.7,0.1,40.2,64.2,34.9,121.7,32.8,17.2,64.9,64.2,32.8,"BSS"
2025-03-02,"weekend",4.6,"private_boat","all_gear",NA,NA,NA,7.8,3.3,17.9,26.6,9.3,79.7,7.8,26.6,"BSS"
2025-03-02,"weekend",4.6,"shore","all_gear",NA,NA,NA,64.4,34.1,119.5,33.1,17.4,63.6,64.4,33.1,"BSS"
2025-03-03,"weekday",4.9,"private_boat","all_gear",NA,NA,NA,6,2.7,13.6,21.3,7.8,60.4,6,21.3,"BSS"
2025-03-03,"weekday",4.9,"shore","all_gear",NA,NA,NA,30.1,16.7,55,23.2,12.1,43.9,30.1,23.2,"BSS"
2025-03-04,"weekday",4.9,"private_boat","all_gear",0,NA,NA,6,2.6,13.8,21.4,7.3,61.2,6,21.4,"BSS"
2025-03-04,"weekday",4.9,"shore","all_gear",16.5,0,0,30,16.1,54.9,23,12,43.9,30,23,"BSS"
2025-03-05,"weekday",4.9,"private_boat","all_gear",0,NA,NA,6,2.7,13.7,21.3,7.8,57.2,6,21.3,"BSS"
2025-03-05,"weekday",4.9,"shore","all_gear",10.2,0.2,2.4,29.9,16.7,54.2,22.8,12.2,43.1,29.9,22.8,"BSS"
2025-03-06,"weekday",4.9,"private_boat","all_gear",4,NA,NA,6.1,2.7,13.6,21.2,7.9,58,6.1,21.2,"BSS"
2025-03-06,"weekday",4.9,"shore","all_gear",91.8,0.1,8.1,29.8,16.2,55.2,22.8,12,43.4,29.8,22.8,"BSS"
2025-03-07,"weekend",4.7,"private_boat","all_gear",NA,NA,NA,7.8,3.4,18.3,26.6,9.3,77.8,7.8,26.6,"BSS"
2025-03-07,"weekend",4.7,"shore","all_gear",37.8,0.3,11.9,64.1,34.8,118.4,32.9,17.2,62.7,64.1,32.9,"BSS"
2025-03-08,"weekend",4.7,"private_boat","all_gear",0,NA,NA,7.8,3.4,18,26.7,9.2,77.1,7.8,26.7,"BSS"
2025-03-08,"weekend",4.7,"shore","all_gear",221,0.2,45.9,64.4,34.6,119.8,33,17,63.8,64.4,33,"BSS"
2025-03-09,"weekend",4.7,"private_boat","all_gear",NA,NA,NA,7.8,3.4,17.6,26.6,9.2,78.1,7.8,26.6,"BSS"
2025-03-09,"weekend",4.7,"shore","all_gear",NA,NA,NA,64,35.2,116.8,32.7,17.6,62.2,64,32.7,"BSS"
2025-03-10,"weekday",4.9,"private_boat","all_gear",NA,NA,NA,6,2.6,13.4,21.3,7.6,59,6,21.3,"BSS"
2025-03-10,"weekday",4.9,"shore","all_gear",NA,NA,NA,30.1,16.1,56.3,23,11.8,44.8,30.1,23,"BSS"
2025-03-11,"weekday",4.9,"private_boat","all_gear",8,NA,NA,6.1,2.7,13.6,21.2,7.6,60.6,6.1,21.2,"BSS"
2025-03-11,"weekday",4.9,"shore","all_gear",55.1,0.4,21.3,30.1,16.5,55.5,22.9,12.1,44.3,30.1,22.9,"BSS"
2025-03-12,"weekday",4.9,"private_boat","all_gear",4,NA,NA,6,2.7,13.6,21.2,7.6,59.6,6,21.2,"BSS"
2025-03-12,"weekday",4.9,"shore","all_gear",66.7,0.2,10.9,29.8,16.1,55.8,22.9,11.8,44.4,29.8,22.9,"BSS"
2025-03-13,"weekday",4.9,"private_boat","all_gear",NA,NA,NA,6,2.7,13.3,21.1,7.5,55.9,6,21.1,"BSS"
2025-03-13,"weekday",4.9,"shore","all_gear",NA,NA,NA,30,16.3,55.1,23,11.9,44.1,30,23,"BSS"
2025-03-14,"weekend",4.7,"private_boat","all_gear",3.8,NA,NA,7.8,3.3,18.2,26.7,9.1,79.7,7.8,26.7,"BSS"
2025-03-14,"weekend",4.7,"shore","all_gear",78.7,0.2,17.5,64.1,35.1,118.9,32.8,17.1,63.5,64.1,32.8,"BSS"
2025-03-15,"weekend",4.7,"private_boat","all_gear",0,NA,NA,7.8,3.4,17.8,26.4,9.1,80.8,7.8,26.4,"BSS"
2025-03-15,"weekend",4.7,"shore","all_gear",60.3,0.2,9.2,64.4,34.8,119.8,33,17.1,63.3,64.4,33,"BSS"
2025-03-16,"weekend",4.7,"private_boat","all_gear",NA,NA,NA,7.8,3.3,18.4,26.6,8.9,78.3,7.8,26.6,"BSS"
2025-03-16,"weekend",4.7,"shore","all_gear",NA,NA,NA,64.7,34.4,119.8,33.2,16.7,63.6,64.7,33.2,"BSS"
2025-03-17,"weekday",4.9,"private_boat","all_gear",NA,NA,NA,6,2.6,13.8,21.1,7.7,60.3,6,21.1,"BSS"
2025-03-17,"weekday",4.9,"shore","all_gear",NA,NA,NA,30,16.4,54.8,23.1,11.8,43.1,30,23.1,"BSS"
2025-03-18,"weekday",4.9,"private_boat","all_gear",8.1,NA,NA,6,2.7,13.7,21.3,7.5,59.5,6,21.3,"BSS"
2025-03-18,"weekday",4.9,"shore","all_gear",58.1,0.4,22.4,30.1,16.2,55,23,12,44.3,30.1,23,"BSS"
2025-03-19,"weekday",4.9,"private_boat","all_gear",0,NA,NA,6.1,2.6,13.7,21.3,7.6,61.1,6.1,21.3,"BSS"
2025-03-19,"weekday",4.9,"shore","all_gear",56.9,0.1,5.9,30.1,16.1,55.8,23.1,11.9,44.2,30.1,23.1,"BSS"
2025-03-20,"weekday",4.9,"private_boat","all_gear",0,NA,NA,6.1,2.6,13.7,21.3,7.8,60.3,6.1,21.3,"BSS"
2025-03-20,"weekday",4.9,"shore","all_gear",11.7,0.5,5.8,29.9,16.5,53.8,23,12.1,43.1,29.9,23,"BSS"
2025-03-21,"weekend",4.7,"private_boat","all_gear",0,NA,NA,7.8,3.3,17.9,26.7,9.3,81.2,7.8,26.7,"BSS"
2025-03-21,"weekend",4.7,"shore","all_gear",38.4,0.3,12.3,64.5,35.6,117.2,32.9,17.5,62.1,64.5,32.9,"BSS"
2025-03-22,"weekend",4.7,"private_boat","all_gear",13.5,NA,NA,7.9,3.5,18.3,27.1,9.5,80.9,7.9,27.1,"BSS"
2025-03-22,"weekend",4.7,"shore","all_gear",228.1,0.2,46.6,64.3,34.7,117.6,32.8,17.3,63.2,64.3,32.8,"BSS"
2025-03-23,"weekend",4.7,"private_boat","all_gear",0,NA,NA,7.9,3.5,18.3,26.8,9.5,81.1,7.9,26.8,"BSS"
2025-03-23,"weekend",4.7,"shore","all_gear",NA,NA,NA,64.5,34.9,118.5,33,17.3,63.1,64.5,33,"BSS"
2025-03-24,"weekday",5,"private_boat","all_gear",NA,NA,NA,6,2.6,13.7,20.9,7.7,59.2,6,20.9,"BSS"
2025-03-24,"weekday",5,"shore","all_gear",NA,NA,NA,30,16.2,54.3,22.9,12,43.4,30,22.9,"BSS"
2025-03-25,"weekday",5,"private_boat","all_gear",32.5,1.1,36.6,6,2.7,13.7,21.2,7.8,58.8,6,21.2,"BSS"
2025-03-25,"weekday",5,"shore","all_gear",97.6,0.4,42.2,30,16.1,55.1,22.9,12,44,30,22.9,"BSS"
2025-03-26,"weekday",5,"private_boat","all_gear",NA,NA,NA,6,2.7,13.2,21.2,7.6,57.6,6,21.2,"BSS"
2025-03-26,"weekday",5,"shore","all_gear",NA,NA,NA,30,16.4,54.6,22.9,12.1,43.7,30,22.9,"BSS"
2025-03-27,"weekday",5,"private_boat","all_gear",0,NA,NA,6,2.6,13.4,21,7.5,58.2,6,21,"BSS"
2025-03-27,"weekday",5,"shore","all_gear",62.6,0.2,9.8,30,16,55.8,22.9,11.8,44.4,30,22.9,"BSS"
2025-03-28,"weekend",4.8,"private_boat","all_gear",0,NA,NA,7.8,3.4,17.7,26.6,9.5,77.5,7.8,26.6,"BSS"
2025-03-28,"weekend",4.8,"shore","all_gear",101.1,0.2,23.6,64.7,34.8,119.7,33.1,17.3,63.9,64.7,33.1,"BSS"
2025-03-29,"weekend",4.8,"private_boat","all_gear",NA,NA,NA,7.8,3.3,18.1,27.1,9.6,79.5,7.8,27.1,"BSS"
2025-03-29,"weekend",4.8,"shore","all_gear",503.3,0.3,150.4,64.4,34,119.3,33,16.9,63.4,64.4,33,"BSS"
2025-03-30,"weekend",4.8,"private_boat","all_gear",NA,NA,NA,7.9,3.3,17.9,26.5,9.4,81.9,7.9,26.5,"BSS"
2025-03-30,"weekend",4.8,"shore","all_gear",NA,NA,NA,64.6,34.7,118.3,33.1,17.2,63.8,64.6,33.1,"BSS"
2025-03-31,"weekday",5,"private_boat","all_gear",NA,NA,NA,6,2.6,13.4,21.1,7.3,59,6,21.1,"BSS"
2025-03-31,"weekday",5,"shore","all_gear",NA,NA,NA,29.9,16.2,54.3,22.8,12,43.7,29.9,22.8,"BSS"
2025-04-01,"weekday",5,"private_boat","all_gear",4.1,NA,NA,23.5,10.8,50.8,46.4,16.7,132.5,23.5,46.4,"BSS"
2025-04-01,"weekday",5,"shore","all_gear",241.2,0.4,84.9,55.2,30.1,102.4,55.1,29.3,104.6,55.2,55.1,"BSS"
2025-04-02,"weekday",5,"private_boat","all_gear",4.1,NA,NA,23.4,11.1,50,46.3,17,129.4,23.4,46.3,"BSS"
2025-04-02,"weekday",5,"shore","all_gear",86.6,1.2,106.6,55.7,30.2,104.5,55.6,28.8,107.1,55.7,55.6,"BSS"
2025-04-03,"weekday",5,"private_boat","all_gear",24.6,NA,NA,23.5,11,52.1,46,16.8,127.1,23.5,46,"BSS"
2025-04-03,"weekday",5,"shore","all_gear",136.6,0.1,19.5,55.5,30.4,102.3,55.4,29.6,105.3,55.5,55.4,"BSS"
2025-04-04,"weekend",4.8,"private_boat","all_gear",43.1,1.7,74,30.5,14.4,66,58.8,22.3,158.9,30.5,58.8,"BSS"
2025-04-04,"weekend",4.8,"shore","all_gear",159.6,0.2,26.2,119.1,64.2,221.8,79.3,41.8,152.2,119.1,79.3,"BSS"
2025-04-05,"weekend",4.8,"private_boat","all_gear",62.8,0.5,30.5,30.3,14.2,66.6,58.4,22.3,161.3,30.3,58.4,"BSS"
2025-04-05,"weekend",4.8,"shore","all_gear",359.7,0.1,24.2,119.5,64.4,220.9,79.6,41.4,148.9,119.5,79.6,"BSS"
2025-04-06,"weekend",4.8,"private_boat","all_gear",NA,NA,NA,30.4,14.4,67.7,58.6,22.1,160.6,30.4,58.6,"BSS"
2025-04-06,"weekend",4.8,"shore","all_gear",NA,NA,NA,119.6,64.7,219.6,79.8,42.2,147.7,119.6,79.8,"BSS"
2025-04-07,"weekday",5,"private_boat","all_gear",NA,NA,NA,23.2,10.8,52.5,45.9,17.1,128.3,23.2,45.9,"BSS"
2025-04-07,"weekday",5,"shore","all_gear",NA,NA,NA,55.3,30.5,103,55.2,29.4,105,55.3,55.2,"BSS"
2025-04-08,"weekday",5,"private_boat","all_gear",NA,NA,NA,23.4,10.8,50.8,46.4,17.2,125.5,23.4,46.4,"BSS"
2025-04-08,"weekday",5,"shore","all_gear",NA,NA,NA,55.6,30.5,104,55.3,29.3,106.2,55.6,55.3,"BSS"
2025-04-09,"weekday",5,"private_boat","all_gear",NA,NA,NA,23.5,10.8,51.5,46,17,133,23.5,46,"BSS"
2025-04-09,"weekday",5,"shore","all_gear",NA,NA,NA,55.7,30,102,55.3,29.1,104.3,55.7,55.3,"BSS"
2025-04-10,"weekday",5.1,"private_boat","all_gear",0,NA,NA,23.4,10.7,51.7,46.6,16.8,129.6,23.4,46.6,"BSS"
2025-04-10,"weekday",5.1,"shore","all_gear",121.7,0.3,32.5,55.9,29.6,103,55.4,28.4,105.3,55.9,55.4,"BSS"
2025-04-11,"weekend",4.8,"private_boat","all_gear",7.9,NA,NA,30.5,13.6,67.6,59,21.4,155.7,30.5,59,"BSS"
2025-04-11,"weekend",4.8,"shore","all_gear",165.7,0.1,19.3,119.7,63.8,222.3,79.5,41.5,151.3,119.7,79.5,"BSS"
2025-04-12,"weekend",4.8,"private_boat","all_gear",NA,NA,NA,30.4,14.2,68.3,58.8,21.6,163.2,30.4,58.8,"BSS"
2025-04-12,"weekend",4.8,"shore","all_gear",NA,NA,NA,119.2,64,223.7,79.2,41.4,152.5,119.2,79.2,"BSS"
2025-04-13,"weekend",4.8,"private_boat","all_gear",NA,NA,NA,30.6,14,67.4,58.2,21.9,160.6,30.6,58.2,"BSS"
2025-04-13,"weekend",4.8,"shore","all_gear",NA,NA,NA,119.7,64.9,223.1,79.3,41.8,153.6,119.7,79.3,"BSS"
2025-04-14,"weekday",5.1,"private_boat","all_gear",NA,NA,NA,23.5,10.9,51,46,17.1,122.7,23.5,46,"BSS"
2025-04-14,"weekday",5.1,"shore","all_gear",NA,NA,NA,55.6,30,102.8,55.1,28.9,105,55.6,55.1,"BSS"
2025-04-15,"weekday",5.1,"private_boat","all_gear",8.3,0.2,2.1,23.4,10.9,50.9,46.1,17.2,128.6,23.4,46.1,"BSS"
2025-04-15,"weekday",5.1,"shore","all_gear",109,0.3,34.9,55.7,29.8,102.9,55.2,29,105.7,55.7,55.2,"BSS"
2025-04-16,"weekday",5.1,"private_boat","all_gear",NA,NA,NA,23.4,10.7,51.4,46.2,17.2,129.8,23.4,46.2,"BSS"
2025-04-16,"weekday",5.1,"shore","all_gear",NA,NA,NA,55.3,29.9,102.4,54.7,28.6,105.1,55.3,54.7,"BSS"
2025-04-17,"weekday",5.1,"private_boat","all_gear",NA,NA,NA,23.3,11.2,51.4,45.7,17.3,129.8,23.3,45.7,"BSS"
2025-04-17,"weekday",5.1,"shore","all_gear",NA,NA,NA,55.7,29.9,102.1,55.2,29.2,104.3,55.7,55.2,"BSS"
2025-04-18,"weekend",4.9,"private_boat","all_gear",NA,NA,NA,30.4,14.3,68.5,58.4,21.6,162.5,30.4,58.4,"BSS"
2025-04-18,"weekend",4.9,"shore","all_gear",NA,NA,NA,119.6,64.3,221.5,79.5,41.7,150.2,119.6,79.5,"BSS"
2025-04-19,"weekend",4.9,"private_boat","all_gear",8,0.3,2.7,30.5,14.4,68,58.6,21.8,160.9,30.5,58.6,"BSS"
2025-04-19,"weekend",4.9,"shore","all_gear",749.6,0.2,125.9,119.6,65,219.5,79.4,42.1,149.5,119.6,79.4,"BSS"
2025-04-20,"weekend",4.9,"private_boat","all_gear",NA,NA,NA,30.6,14.2,68.5,58.1,21.6,163.1,30.6,58.1,"BSS"
2025-04-20,"weekend",4.9,"shore","all_gear",NA,NA,NA,119.5,62.9,225,79.6,41.3,153.6,119.5,79.6,"BSS"
2025-04-21,"weekday",5.1,"private_boat","all_gear",NA,NA,NA,23.3,10.5,52.2,46.5,16.4,126.2,23.3,46.5,"BSS"
2025-04-21,"weekday",5.1,"shore","all_gear",NA,NA,NA,55.3,29.8,103.8,55.1,28.6,105.5,55.3,55.1,"BSS"
2025-04-22,"weekday",5.1,"private_boat","all_gear",NA,NA,NA,23.4,10.9,50.8,46.3,16.7,127.7,23.4,46.3,"BSS"
2025-04-22,"weekday",5.1,"shore","all_gear",NA,NA,NA,55.6,30.2,101.1,55.4,29.3,104.1,55.6,55.4,"BSS"
2025-04-23,"weekday",5.1,"private_boat","all_gear",41.8,3,125.4,23.4,11.4,50.2,46.2,17.6,125.6,23.4,46.2,"BSS"
2025-04-23,"weekday",5.1,"shore","all_gear",61.6,0.7,40.8,55.5,29.7,103.3,55.4,28.7,105.9,55.5,55.4,"BSS"
2025-04-24,"weekday",5.1,"private_boat","all_gear",12.6,NA,NA,23.4,11.2,51.1,46.4,17.1,131.2,23.4,46.4,"BSS"
2025-04-24,"weekday",5.1,"shore","all_gear",120.6,0.5,56.9,56,30.4,103.1,55.6,29.3,106.7,56,55.6,"BSS"
2025-04-25,"weekend",4.9,"private_boat","all_gear",28,NA,NA,30.9,14,67.8,59.2,22,159.4,30.9,59.2,"BSS"
2025-04-25,"weekend",4.9,"shore","all_gear",128.2,0.4,45.4,119.9,65.4,220.3,79.6,42.1,151.7,119.9,79.6,"BSS"
2025-04-26,"weekend",4.9,"private_boat","all_gear",NA,NA,NA,30.2,14.4,65.4,58.4,21.8,153.7,30.2,58.4,"BSS"
2025-04-26,"weekend",4.9,"shore","all_gear",NA,NA,NA,119.5,63.3,226.4,79.6,40.9,154.1,119.5,79.6,"BSS"
2025-04-27,"weekend",4.9,"private_boat","all_gear",NA,NA,NA,30.8,14.5,67,59.4,22.6,158.7,30.8,59.4,"BSS"
2025-04-27,"weekend",4.9,"shore","all_gear",NA,NA,NA,119.4,63.9,224.2,79.4,41.8,153.5,119.4,79.4,"BSS"
2025-04-28,"weekday",5.1,"private_boat","all_gear",NA,NA,NA,23.3,10.5,49.6,46.1,16.5,128,23.3,46.1,"BSS"
2025-04-28,"weekday",5.1,"shore","all_gear",NA,NA,NA,55.7,30.1,101.7,55.4,29.2,104,55.7,55.4,"BSS"
2025-04-29,"weekday",5.1,"private_boat","all_gear",10.5,NA,NA,23.5,10.9,50.7,45.8,16.6,126.5,23.5,45.8,"BSS"
2025-04-29,"weekday",5.1,"shore","all_gear",164.2,0.4,73,55.4,30.9,101.9,55.3,29.7,104.1,55.4,55.3,"BSS"
2025-04-30,"weekday",5.1,"private_boat","all_gear",29.4,1.5,44.2,23.4,11,50.7,45.7,16.3,131.5,23.4,45.7,"BSS"
2025-04-30,"weekday",5.1,"shore","all_gear",221,0.4,90.8,55.6,30.4,101.6,55.1,29.6,104,55.6,55.1,"BSS"
2025-05-01,"weekday",5.2,"private_boat","all_gear",235.8,0.4,93.4,40.8,19.8,82.3,177.9,77.6,424.3,40.8,177.9,"BSS"
2025-05-01,"weekday",5.2,"shore","all_gear",159.1,0.3,47.8,48.4,26.4,88.4,55.6,29.6,104,48.4,55.6,"BSS"
2025-05-02,"weekend",4.9,"private_boat","all_gear",10.1,0.8,7.8,53.8,25,111.6,228.3,96.5,562.1,53.8,228.3,"BSS"
2025-05-02,"weekend",4.9,"shore","all_gear",153.5,0.2,35.1,103.5,55.8,192.5,80,42.1,152.9,103.5,80,"BSS"
2025-05-03,"weekend",4.9,"private_boat","all_gear",16.1,NA,NA,53.4,25.5,112.8,229.6,96.2,567.6,53.4,229.6,"BSS"
2025-05-03,"weekend",4.9,"shore","all_gear",322.8,0.1,33.6,103.5,54.4,193.7,79.7,40.6,155,103.5,79.7,"BSS"
2025-05-04,"weekend",4.9,"private_boat","all_gear",28.2,0.3,8.4,54,25.4,114.5,230.6,92.6,576.2,54,230.6,"BSS"
2025-05-04,"weekend",4.9,"shore","all_gear",297.2,0.1,31.7,103.7,55.4,192.1,79.7,41.5,152.6,103.7,79.7,"BSS"
2025-05-05,"weekday",5.2,"private_boat","all_gear",NA,NA,NA,40.8,20.4,82.7,180.7,78.1,416.5,40.8,180.7,"BSS"
2025-05-05,"weekday",5.2,"shore","all_gear",NA,NA,NA,48,26.1,89.1,55.6,29.3,107,48,55.6,"BSS"
2025-05-06,"weekday",5.2,"private_boat","all_gear",NA,NA,NA,40.7,20.1,83.1,179.4,77.7,431.1,40.7,179.4,"BSS"
2025-05-06,"weekday",5.2,"shore","all_gear",NA,NA,NA,48.4,25.5,89.8,55.9,28.7,107.7,48.4,55.9,"BSS"
2025-05-07,"weekday",5.2,"private_boat","all_gear",1.4,NA,NA,41,20.6,81,178.5,79.1,425.6,41,178.5,"BSS"
2025-05-07,"weekday",5.2,"shore","all_gear",33.9,0.9,30.3,48.4,25.9,87.8,56,29.2,105.1,48.4,56,"BSS"
2025-05-08,"weekday",5.2,"private_boat","all_gear",NA,NA,NA,40.3,20.6,81.1,177.8,78.6,421.8,40.3,177.8,"BSS"
2025-05-08,"weekday",5.2,"shore","all_gear",NA,NA,NA,48,25.9,89.5,55.3,28.8,105.4,48,55.3,"BSS"
2025-05-09,"weekend",5,"private_boat","all_gear",NA,NA,NA,53.4,25.9,112.8,229.9,95.6,588,53.4,229.9,"BSS"
2025-05-09,"weekend",5,"shore","all_gear",NA,NA,NA,103.6,56.3,193.8,79.9,42.5,154.8,103.6,79.9,"BSS"
2025-05-10,"weekend",5,"private_boat","all_gear",NA,NA,NA,53.3,25.4,109.2,227.3,96.4,572.6,53.3,227.3,"BSS"
2025-05-10,"weekend",5,"shore","all_gear",NA,NA,NA,103.8,56.3,190.2,79.9,42,153.4,103.8,79.9,"BSS"
2025-05-11,"weekend",5,"private_boat","all_gear",NA,NA,NA,53.1,24.8,112.9,228.6,93.2,585.8,53.1,228.6,"BSS"
2025-05-11,"weekend",5,"shore","all_gear",NA,NA,NA,103.9,57.2,189.2,80.1,41.9,151.8,103.9,80.1,"BSS"
2025-05-12,"weekday",5.2,"private_boat","all_gear",NA,NA,NA,40.9,20.5,84.1,180.2,75.2,425.5,40.9,180.2,"BSS"
2025-05-12,"weekday",5.2,"shore","all_gear",NA,NA,NA,48.1,25.7,90.6,55.4,28.7,107.3,48.1,55.4,"BSS"
2025-05-13,"weekday",5.2,"private_boat","all_gear",4.3,0.3,1.4,40.8,20.4,83.6,179.1,79.2,436.1,40.8,179.1,"BSS"
2025-05-13,"weekday",5.2,"shore","all_gear",162.1,0.4,70.3,48.2,26.4,88,55.8,29.6,103.3,48.2,55.8,"BSS"
2025-05-14,"weekday",5.2,"private_boat","all_gear",0,NA,NA,40.5,20,82.2,176.8,76.1,416.8,40.5,176.8,"BSS"
2025-05-14,"weekday",5.2,"shore","all_gear",175.9,0.6,107.8,48.3,25.9,89.6,55.9,29,107,48.3,55.9,"BSS"
2025-05-15,"weekday",5.2,"private_boat","all_gear",42.6,NA,NA,40.5,19.7,82.1,177.5,77.5,423.6,40.5,177.5,"BSS"
2025-05-15,"weekday",5.2,"shore","all_gear",139.2,0.6,81.5,48.2,26.2,88.8,55.8,29.5,105.7,48.2,55.8,"BSS"
2025-05-16,"weekend",5,"private_boat","all_gear",2,0,0.1,53.5,25.1,112.9,227.5,93.5,563.9,53.5,227.5,"BSS"
2025-05-16,"weekend",5,"shore","all_gear",50.9,0.8,39.2,103.5,54.9,191.8,79.8,40.8,153,103.5,79.8,"BSS"
2025-05-17,"weekend",5,"private_boat","all_gear",10.2,0.9,8.9,52.9,25.6,110,226.7,97.7,561.1,52.9,226.7,"BSS"
2025-05-17,"weekend",5,"shore","all_gear",282.2,0.1,35.8,103.4,55.5,193.4,79.7,41.6,153.8,103.4,79.7,"BSS"
2025-05-18,"weekend",5,"private_boat","all_gear",NA,NA,NA,53.2,25.6,109.1,227.5,92.2,562.4,53.2,227.5,"BSS"
2025-05-18,"weekend",5,"shore","all_gear",NA,NA,NA,103,55.1,196,79.6,41.6,153.8,103,79.6,"BSS"
2025-05-19,"weekday",5.2,"private_boat","all_gear",NA,NA,NA,40.6,20.2,84.7,176.7,78,436.8,40.6,176.7,"BSS"
2025-05-19,"weekday",5.2,"shore","all_gear",NA,NA,NA,48.3,25.9,89.2,55.7,29.4,106.4,48.3,55.7,"BSS"
2025-05-20,"weekday",5.2,"private_boat","all_gear",NA,NA,NA,40.4,19.9,83.5,178.4,77.5,430.1,40.4,178.4,"BSS"
2025-05-20,"weekday",5.2,"shore","all_gear",NA,NA,NA,47.9,25.5,89.2,55.7,28.8,106.5,47.9,55.7,"BSS"
2025-05-21,"weekday",5.2,"private_boat","all_gear",8.6,0.7,5.7,41,20.3,84.6,179.8,76.8,418.3,41,179.8,"BSS"
2025-05-21,"weekday",5.2,"shore","all_gear",57.6,1.2,71.4,48.1,25.9,89,55.5,28.7,105.4,48.1,55.5,"BSS"
2025-05-22,"weekday",5.2,"private_boat","all_gear",53.6,NA,NA,40.7,20.3,82.7,178.2,76.7,419.5,40.7,178.2,"BSS"
2025-05-22,"weekday",5.2,"shore","all_gear",68.6,0.7,48.5,47.8,25.7,90.7,55.3,28.5,107.4,47.8,55.3,"BSS"
2025-05-23,"weekend",5,"private_boat","all_gear",30.7,NA,NA,53.2,25.8,114.5,228,94.2,581.5,53.2,228,"BSS"
2025-05-23,"weekend",5,"shore","all_gear",239,0.4,84.8,103.3,55.6,195.3,79.8,41.6,154.7,103.3,79.8,"BSS"
2025-05-24,"holiday",5,"private_boat","all_gear",61.5,NA,NA,90.9,34.9,246.1,386.3,133.3,1205.7,90.9,386.3,"BSS"
2025-05-24,"holiday",5,"shore","all_gear",466.5,0.1,62.2,152.5,76,309.7,117.9,57.5,244.4,152.5,117.9,"BSS"
2025-05-25,"holiday",5,"private_boat","all_gear",NA,NA,NA,89.8,34.4,254.7,381.5,132,1254.4,89.8,381.5,"BSS"
2025-05-25,"holiday",5,"shore","all_gear",NA,NA,NA,152,76.9,305.4,117.9,57.5,239.8,152,117.9,"BSS"
2025-05-26,"holiday",5,"private_boat","all_gear",NA,NA,NA,89.8,34.7,247,388.8,136.7,1194.1,89.8,388.8,"BSS"
2025-05-26,"holiday",5,"shore","all_gear",NA,NA,NA,153.1,72.8,311.5,117.6,55.1,248.3,153.1,117.6,"BSS"
2025-05-27,"weekday",5.3,"private_boat","all_gear",NA,NA,NA,40.8,20.2,82.4,177.8,77.8,430.2,40.8,177.8,"BSS"
2025-05-27,"weekday",5.3,"shore","all_gear",NA,NA,NA,48.2,26.1,88.8,55.5,29,104.8,48.2,55.5,"BSS"
2025-05-28,"weekday",5.3,"private_boat","all_gear",NA,NA,NA,40.9,20.1,84.4,178.9,78.3,434,40.9,178.9,"BSS"
2025-05-28,"weekday",5.3,"shore","all_gear",NA,NA,NA,48.3,25.9,88.5,55.9,28.9,106.9,48.3,55.9,"BSS"
2025-05-29,"weekday",5.3,"private_boat","all_gear",NA,NA,NA,40.9,20.8,82.2,179,79.4,424.1,40.9,179,"BSS"
2025-05-29,"weekday",5.3,"shore","all_gear",NA,NA,NA,48.5,26.5,88.8,56,29.8,105.3,48.5,56,"BSS"
2025-05-30,"weekend",5,"private_boat","all_gear",NA,NA,NA,53.1,25.7,109.9,226.8,96.1,562.1,53.1,226.8,"BSS"
2025-05-30,"weekend",5,"shore","all_gear",NA,NA,NA,103.1,55.8,192.8,79.8,41.4,155.2,103.1,79.8,"BSS"
2025-05-31,"weekend",5,"private_boat","all_gear",NA,NA,NA,52.8,25.5,112.8,230.8,95.5,551.9,52.8,230.8,"BSS"
2025-05-31,"weekend",5,"shore","all_gear",NA,NA,NA,103.5,55.8,191.3,79.7,41.8,153,103.5,79.7,"BSS"
2025-06-01,"weekend",5,"private_boat","all_gear",NA,NA,NA,34.1,15.2,80.5,84.6,30.8,237.1,34.1,84.6,"BSS"
2025-06-01,"weekend",5,"shore","all_gear",NA,NA,NA,95.5,49.4,183.9,78.8,39.4,157.4,95.5,78.8,"BSS"
2025-06-02,"weekday",5.3,"private_boat","all_gear",NA,NA,NA,26.9,11.6,61.3,67.4,23.6,206.1,26.9,67.4,"BSS"
2025-06-02,"weekday",5.3,"shore","all_gear",NA,NA,NA,44.7,23.6,83.5,55.4,27.4,110.8,44.7,55.4,"BSS"
2025-06-03,"weekday",5.3,"private_boat","all_gear",NA,NA,NA,26.6,11.4,63.1,67.6,22.8,197,26.6,67.6,"BSS"
2025-06-03,"weekday",5.3,"shore","all_gear",NA,NA,NA,44.6,23.2,85.3,55,26.7,113.4,44.6,55,"BSS"
2025-06-04,"weekday",5.3,"private_boat","all_gear",8.7,NA,NA,26.1,11.4,62.3,66.9,22.9,199.3,26.1,66.9,"BSS"
2025-06-04,"weekday",5.3,"shore","all_gear",61,0.4,23,44.7,23.4,84,54.8,27.5,111,44.7,54.8,"BSS"
2025-06-05,"weekday",5.3,"private_boat","all_gear",14.4,NA,NA,26.6,11.5,62.7,67.7,22.6,197.6,26.6,67.7,"BSS"
2025-06-05,"weekday",5.3,"shore","all_gear",62.4,0.8,52.4,44.5,23.2,86,55,26.9,112.8,44.5,55,"BSS"
2025-06-06,"weekend",5.1,"private_boat","all_gear",6.2,NA,NA,34.4,15.5,80.6,85.7,29.6,248.6,34.4,85.7,"BSS"
2025-06-06,"weekend",5.1,"shore","all_gear",112.8,0.8,95,95.6,49.8,183.2,78.8,39.3,159,95.6,78.8,"BSS"
2025-06-07,"weekend",5.1,"private_boat","all_gear",56,0.4,20.7,34.2,15.4,78.4,84.7,30.1,238.7,34.2,84.7,"BSS"
2025-06-07,"weekend",5.1,"shore","all_gear",406.4,0.1,31.1,96.1,50.4,184.9,79,40,158.7,96.1,79,"BSS"
2025-06-08,"weekend",5.1,"private_boat","all_gear",NA,NA,NA,34.3,15.5,79.8,84.8,31.2,242.5,34.3,84.8,"BSS"
2025-06-08,"weekend",5.1,"shore","all_gear",NA,NA,NA,96,51,182.1,79.2,40.4,156.1,96,79.2,"BSS"
2025-06-09,"weekday",5.3,"private_boat","all_gear",NA,NA,NA,26.3,11.3,63.3,66.2,22.4,197.8,26.3,66.2,"BSS"
2025-06-09,"weekday",5.3,"shore","all_gear",NA,NA,NA,44.8,23.4,85.3,55.5,27.2,110.4,44.8,55.5,"BSS"
2025-06-10,"weekday",5.3,"private_boat","all_gear",NA,NA,NA,26.3,11.2,63.6,68,22.3,201.4,26.3,68,"BSS"
2025-06-10,"weekday",5.3,"shore","all_gear",NA,NA,NA,44.7,23,86.2,55.3,26.5,114.2,44.7,55.3,"BSS"
2025-06-11,"weekday",5.3,"private_boat","all_gear",NA,NA,NA,26.5,11.3,63.9,67.4,22.3,197.1,26.5,67.4,"BSS"
2025-06-11,"weekday",5.3,"shore","all_gear",NA,NA,NA,44.4,23.2,85.4,54.7,27.2,111.9,44.4,54.7,"BSS"
2025-06-12,"weekday",5.3,"private_boat","all_gear",NA,NA,NA,26.4,11.6,61.8,67.8,22.5,195.3,26.4,67.8,"BSS"
2025-06-12,"weekday",5.3,"shore","all_gear",NA,NA,NA,44.6,23.2,84.3,55,27.2,111.2,44.6,55,"BSS"
2025-06-13,"weekend",5.1,"private_boat","all_gear",NA,NA,NA,34.3,15.1,76.7,85.3,29.9,235.5,34.3,85.3,"BSS"
2025-06-13,"weekend",5.1,"shore","all_gear",NA,NA,NA,96.1,51.2,179.3,79.2,40,158,96.1,79.2,"BSS"
2025-06-14,"weekend",5.1,"private_boat","all_gear",NA,NA,NA,34.5,15.4,81.4,86.5,31.3,249.3,34.5,86.5,"BSS"
2025-06-14,"weekend",5.1,"shore","all_gear",NA,NA,NA,95.8,50.3,181,79,39.6,158.2,95.8,79,"BSS"
2025-06-15,"holiday",5.1,"private_boat","all_gear",NA,NA,NA,58.4,20.1,178.8,142.1,42.5,531.6,58.4,142.1,"BSS"
2025-06-15,"holiday",5.1,"shore","all_gear",NA,NA,NA,139.9,66.2,303.3,114.8,52.6,257.4,139.9,114.8,"BSS"
2025-06-16,"weekday",5.3,"private_boat","all_gear",NA,NA,NA,26.6,11.2,63.3,67.8,21.9,201.4,26.6,67.8,"BSS"
2025-06-16,"weekday",5.3,"shore","all_gear",NA,NA,NA,44.6,23.5,85.5,55.4,27.2,110.6,44.6,55.4,"BSS"
2025-06-17,"weekday",5.3,"private_boat","all_gear",NA,NA,NA,26.6,11.7,61.2,67.1,23.2,199.3,26.6,67.1,"BSS"
2025-06-17,"weekday",5.3,"shore","all_gear",NA,NA,NA,44.7,23.7,85.1,55,27.4,111.4,44.7,55,"BSS"
2025-06-18,"weekday",5.3,"private_boat","all_gear",NA,NA,NA,26.6,11.4,63.7,67.5,21.6,202.4,26.6,67.5,"BSS"
2025-06-18,"weekday",5.3,"shore","all_gear",NA,NA,NA,44.5,23.3,85.9,55.2,27,111.5,44.5,55.2,"BSS"
2025-06-19,"weekday",5.4,"private_boat","all_gear",NA,NA,NA,26.7,11.7,62.9,67.3,22.6,206.7,26.7,67.3,"BSS"
2025-06-19,"weekday",5.4,"shore","all_gear",NA,NA,NA,44.3,23.1,85.6,54.5,26.9,112,44.3,54.5,"BSS"
2025-06-20,"weekend",5.1,"private_boat","all_gear",33.5,0.1,3.3,34.2,15.3,80.7,84.6,30.2,255.9,34.2,84.6,"BSS"
2025-06-20,"weekend",5.1,"shore","all_gear",227.9,0.4,90.6,95.5,50.6,183.7,78.9,39.8,159.4,95.5,78.9,"BSS"
2025-06-21,"weekend",5.1,"private_boat","all_gear",16.8,0.2,4.2,34.3,15.4,79.3,85.9,29.3,241.3,34.3,85.9,"BSS"
2025-06-21,"weekend",5.1,"shore","all_gear",260.2,0.8,198.9,95.4,50,183.4,79.1,39.1,160.7,95.4,79.1,"BSS"
2025-06-22,"weekend",5.1,"private_boat","all_gear",NA,NA,NA,34.5,15.2,80.1,85.9,29.5,242.9,34.5,85.9,"BSS"
2025-06-22,"weekend",5.1,"shore","all_gear",NA,NA,NA,95.5,49.9,182.6,79,39.5,159,95.5,79,"BSS"
2025-06-23,"weekday",5.4,"private_boat","all_gear",NA,NA,NA,26.5,11.4,63.1,66.9,23.2,205.6,26.5,66.9,"BSS"
2025-06-23,"weekday",5.4,"shore","all_gear",NA,NA,NA,44.5,23.5,84.2,55.1,27.4,108.3,44.5,55.1,"BSS"
2025-06-24,"weekday",5.4,"private_boat","all_gear",NA,NA,NA,26.4,11.6,61.2,67.1,22,196.9,26.4,67.1,"BSS"
2025-06-24,"weekday",5.4,"shore","all_gear",NA,NA,NA,44.2,23.3,84,54.7,27.1,111.3,44.2,54.7,"BSS"
2025-06-25,"weekday",5.4,"private_boat","all_gear",NA,NA,NA,26.2,11.6,61.6,66.5,22.2,201.9,26.2,66.5,"BSS"
2025-06-25,"weekday",5.4,"shore","all_gear",NA,NA,NA,44.8,22.9,85.2,55.3,26.8,111.1,44.8,55.3,"BSS"
2025-06-26,"weekday",5.4,"private_boat","all_gear",NA,NA,NA,26.5,11.5,64.2,67.2,22.9,204.2,26.5,67.2,"BSS"
2025-06-26,"weekday",5.4,"shore","all_gear",NA,NA,NA,44.5,23.7,86.8,55.2,27.5,112,44.5,55.2,"BSS"
2025-06-27,"weekend",5.1,"private_boat","all_gear",NA,NA,NA,34.6,15.1,80.6,85.4,29.3,247.2,34.6,85.4,"BSS"
2025-06-27,"weekend",5.1,"shore","all_gear",NA,NA,NA,95.4,50.8,182.7,78.8,39.4,160.8,95.4,78.8,"BSS"
2025-06-28,"weekend",5.1,"private_boat","all_gear",NA,NA,NA,34.2,15.5,79.6,85.1,30.7,243.6,34.2,85.1,"BSS"
2025-06-28,"weekend",5.1,"shore","all_gear",NA,NA,NA,96.4,49.7,181,79.5,39.5,158.7,96.4,79.5,"BSS"
2025-06-29,"weekend",5.2,"private_boat","all_gear",NA,NA,NA,34.3,14.9,80.8,85.8,30.5,245.8,34.3,85.8,"BSS"
2025-06-29,"weekend",5.2,"shore","all_gear",NA,NA,NA,96.1,50.6,178.8,79.2,39.6,155.2,96.1,79.2,"BSS"
2025-06-30,"weekday",5.4,"private_boat","all_gear",NA,NA,NA,26.3,11.3,63.6,66.7,22.4,202.6,26.3,66.7,"BSS"
2025-06-30,"weekday",5.4,"shore","all_gear",NA,NA,NA,44.8,23.4,84,55.1,27.6,111.9,44.8,55.1,"BSS"
2025-07-01,"weekday",5.4,"private_boat","all_gear",NA,NA,NA,131.6,63.7,281.8,325.4,126.6,869.1,131.6,325.4,"BSS"
2025-07-01,"weekday",5.4,"shore","all_gear",NA,NA,NA,81.9,44.9,150.8,85.1,44.7,165.2,81.9,85.1,"BSS"
2025-07-02,"weekday",5.4,"private_boat","all_gear",70.6,NA,NA,131.6,61.6,275.9,325.7,125,842.8,131.6,325.7,"BSS"
2025-07-02,"weekday",5.4,"shore","all_gear",284.1,0.1,34.1,82.5,44.1,155.3,85.6,43.8,170.8,82.5,85.6,"BSS"
2025-07-03,"weekday",5.4,"private_boat","all_gear",NA,NA,NA,130.9,62.3,283.9,323.1,119.6,868.7,130.9,323.1,"BSS"
2025-07-03,"weekday",5.4,"shore","all_gear",NA,NA,NA,82.4,44.2,152.7,85.6,43.9,165.4,82.4,85.6,"BSS"
2025-07-04,"holiday",5.2,"private_boat","all_gear",NA,NA,NA,290.2,100.3,881.3,695.1,206.7,2478.3,290.2,695.1,"BSS"
2025-07-04,"holiday",5.2,"shore","all_gear",NA,NA,NA,259.7,125.7,541.2,180.1,84.6,393.2,259.7,180.1,"BSS"
2025-07-05,"weekend",5.2,"private_boat","all_gear",312.7,1.6,491.4,171.1,77.7,363.5,409,152.3,1142.5,171.1,409,"BSS"
2025-07-05,"weekend",5.2,"shore","all_gear",514.4,0.2,111.7,177.1,93.4,343.7,123.4,62.2,252.9,177.1,123.4,"BSS"
2025-07-06,"weekend",5.2,"private_boat","all_gear",NA,NA,NA,169.8,78,384.6,409.8,154.3,1165.6,169.8,409.8,"BSS"
2025-07-06,"weekend",5.2,"shore","all_gear",NA,NA,NA,176.3,94.3,341.2,122.9,63.4,244.9,176.3,122.9,"BSS"
2025-07-07,"weekday",5.4,"private_boat","all_gear",NA,NA,NA,130.4,63.7,283.9,324,123.7,868.2,130.4,324,"BSS"
2025-07-07,"weekday",5.4,"shore","all_gear",NA,NA,NA,82.1,44.1,153.4,85.7,44.1,168.4,82.1,85.7,"BSS"
2025-07-08,"weekday",5.4,"private_boat","all_gear",NA,NA,NA,131.1,61.4,292.2,319.7,122.4,900.8,131.1,319.7,"BSS"
2025-07-08,"weekday",5.4,"shore","all_gear",NA,NA,NA,81.7,43.3,154.2,85.4,44.1,166.3,81.7,85.4,"BSS"
2025-07-09,"weekday",5.4,"private_boat","all_gear",NA,NA,NA,130,63,284.9,322.5,121.8,887,130,322.5,"BSS"
2025-07-09,"weekday",5.4,"shore","all_gear",NA,NA,NA,82.2,44.1,152.2,86.2,44.1,166.1,82.2,86.2,"BSS"
2025-07-10,"weekday",5.4,"private_boat","all_gear",NA,NA,NA,130.7,60.3,273.4,321.2,118.4,864,130.7,321.2,"BSS"
2025-07-10,"weekday",5.4,"shore","all_gear",NA,NA,NA,81.9,44,152,85.6,43.7,168.3,81.9,85.6,"BSS"
2025-07-11,"weekend",5.2,"private_boat","all_gear",NA,NA,NA,170.6,78,382.4,410,154.6,1138.3,170.6,410,"BSS"
2025-07-11,"weekend",5.2,"shore","all_gear",NA,NA,NA,175.7,93,329.6,122.4,61.5,238.7,175.7,122.4,"BSS"
2025-07-12,"weekend",5.2,"private_boat","all_gear",NA,NA,NA,170.3,79,381.2,408.4,150.7,1136.5,170.3,408.4,"BSS"
2025-07-12,"weekend",5.2,"shore","all_gear",NA,NA,NA,175.9,91.8,337.9,122.6,61.8,246.2,175.9,122.6,"BSS"
2025-07-13,"weekend",5.2,"private_boat","all_gear",NA,NA,NA,169.7,79.3,378.1,411.4,151.1,1128.5,169.7,411.4,"BSS"
2025-07-13,"weekend",5.2,"shore","all_gear",NA,NA,NA,176.3,93,338.1,122.7,61.7,245.7,176.3,122.7,"BSS"
2025-07-14,"weekday",5.4,"private_boat","all_gear",NA,NA,NA,132,58.3,279.5,321.6,115.7,896.4,132,321.6,"BSS"
2025-07-14,"weekday",5.4,"shore","all_gear",NA,NA,NA,81.7,43.9,155.9,85.5,43.4,169.1,81.7,85.5,"BSS"
2025-07-15,"weekday",5.4,"private_boat","all_gear",NA,NA,NA,129.8,61.8,283.3,323.9,121.5,866.7,129.8,323.9,"BSS"
2025-07-15,"weekday",5.4,"shore","all_gear",NA,NA,NA,81.9,44,151.8,85.6,43.9,164.5,81.9,85.6,"BSS"
2025-07-16,"weekday",5.4,"private_boat","all_gear",55.6,NA,NA,129.1,62.2,279,324.1,119.6,867.3,129.1,324.1,"BSS"
2025-07-16,"weekday",5.4,"shore","all_gear",183.9,0.1,15.5,82.2,43.7,155.4,86,44.6,167.3,82.2,86,"BSS"
2025-07-17,"weekday",5.4,"private_boat","all_gear",64.6,NA,NA,130.1,60.8,290.4,320.7,118.4,907.3,130.1,320.7,"BSS"
2025-07-17,"weekday",5.4,"shore","all_gear",165.5,0.4,60.9,82.1,44.3,151.5,85.5,43.8,167.8,82.1,85.5,"BSS"
2025-07-18,"weekend",5.2,"private_boat","all_gear",NA,NA,NA,169.7,78.5,378.2,402.3,151.1,1151.8,169.7,402.3,"BSS"
2025-07-18,"weekend",5.2,"shore","all_gear",NA,NA,NA,176.2,94.8,325.6,122.3,63,240.4,176.2,122.3,"BSS"
2025-07-19,"weekend",5.2,"private_boat","all_gear",311.1,NA,NA,170.4,77.3,376.4,406.2,147.2,1128.4,170.4,406.2,"BSS"
2025-07-19,"weekend",5.2,"shore","all_gear",625.1,0.4,236.2,177.4,94.8,332.6,123.2,62.8,244.4,177.4,123.2,"BSS"
2025-07-20,"weekend",5.2,"private_boat","all_gear",NA,NA,NA,170.5,79.5,379.8,415,148.8,1129.5,170.5,415,"BSS"
2025-07-20,"weekend",5.2,"shore","all_gear",NA,NA,NA,177,93.9,332.8,123,62.3,245.7,177,123,"BSS"
2025-07-21,"weekday",5.5,"private_boat","all_gear",NA,NA,NA,131.8,61.3,292.9,322.9,119.3,890.8,131.8,322.9,"BSS"
2025-07-21,"weekday",5.5,"shore","all_gear",NA,NA,NA,82.1,44.1,154.2,85.7,43.1,169.4,82.1,85.7,"BSS"
2025-07-22,"weekday",5.5,"private_boat","all_gear",241.2,0.2,39.6,129.4,63.4,288.4,319.4,120.8,880.9,129.4,319.4,"BSS"
2025-07-22,"weekday",5.5,"shore","all_gear",217.4,0.3,64.4,82.4,43.7,153.5,85.8,43.8,168.4,82.4,85.8,"BSS"
2025-07-23,"weekday",5.5,"private_boat","all_gear",NA,NA,NA,130.2,62.3,284.6,318.4,121.1,895,130.2,318.4,"BSS"
2025-07-23,"weekday",5.5,"shore","all_gear",NA,NA,NA,82.1,44.1,153.5,85.8,43.6,168.7,82.1,85.8,"BSS"
2025-07-24,"weekday",5.5,"private_boat","all_gear",NA,NA,NA,131.2,61.6,282,326.1,120.9,877.4,131.2,326.1,"BSS"
2025-07-24,"weekday",5.5,"shore","all_gear",NA,NA,NA,82,44.3,154.3,85.7,44,168.8,82,85.7,"BSS"
2025-07-25,"weekend",5.2,"private_boat","all_gear",NA,NA,NA,171.2,79.7,373.9,407.9,152.4,1126.2,171.2,407.9,"BSS"
2025-07-25,"weekend",5.2,"shore","all_gear",NA,NA,NA,175.7,94,328.8,122.5,62.6,239.6,175.7,122.5,"BSS"
2025-07-26,"weekend",5.2,"private_boat","all_gear",NA,NA,NA,172.4,78.7,371.1,409.5,147.7,1095.4,172.4,409.5,"BSS"
2025-07-26,"weekend",5.2,"shore","all_gear",NA,NA,NA,176.1,94.5,333.8,123,63.2,244.3,176.1,123,"BSS"
2025-07-27,"weekend",5.2,"private_boat","all_gear",NA,NA,NA,169.6,77.1,381.1,405.9,147.2,1143,169.6,405.9,"BSS"
2025-07-27,"weekend",5.2,"shore","all_gear",NA,NA,NA,176.8,93.8,331.7,123.3,62.9,242.5,176.8,123.3,"BSS"
2025-07-28,"weekday",5.5,"private_boat","all_gear",NA,NA,NA,130.4,61.2,292.3,323.3,117.6,884,130.4,323.3,"BSS"
2025-07-28,"weekday",5.5,"shore","all_gear",NA,NA,NA,82.2,44.4,153.3,85.5,43.5,166.9,82.2,85.5,"BSS"
2025-07-29,"weekday",5.5,"private_boat","all_gear",121,NA,NA,130.7,61.3,292.3,322.2,120,892.2,130.7,322.2,"BSS"
2025-07-29,"weekday",5.5,"shore","all_gear",208.2,0.6,132.4,82.3,44.2,153.7,86,43.6,169.2,82.3,86,"BSS"
2025-07-30,"weekday",5.5,"private_boat","all_gear",67.3,0,0,129.9,62,289.3,321.1,120.4,914.8,129.9,321.1,"BSS"
2025-07-30,"weekday",5.5,"shore","all_gear",143.7,0.2,31.2,81.9,44.2,152.2,85.6,44.1,167.1,81.9,85.6,"BSS"
2025-07-31,"weekday",5.5,"private_boat","all_gear",89.8,NA,NA,132.3,60.6,284.4,324.3,118.5,904.8,132.3,324.3,"BSS"
2025-07-31,"weekday",5.5,"shore","all_gear",192.6,0.3,54.2,82.6,44.5,153,85.3,44.6,167.4,82.6,85.3,"BSS"
2025-08-01,"weekend",5.2,"private_boat","all_gear",285.4,0.3,75.3,218.1,109.1,448.6,695.7,307.5,1638.9,218.1,695.7,"BSS"
2025-08-01,"weekend",5.2,"shore","all_gear",287.3,0.3,82.7,164.7,88.4,303.7,114.5,59.1,218.4,164.7,114.5,"BSS"
2025-08-02,"weekend",5.3,"private_boat","all_gear",307,0.2,62.8,218,108.6,451.5,705.5,313.1,1599.6,218,705.5,"BSS"
2025-08-02,"weekend",5.3,"shore","all_gear",445.6,0.2,79,163.6,88,307.8,113.6,59.2,221.4,163.6,113.6,"BSS"
2025-08-03,"weekend",5.3,"private_boat","all_gear",NA,NA,NA,219.3,111.9,432.1,709.2,315.5,1585.8,219.3,709.2,"BSS"
2025-08-03,"weekend",5.3,"shore","all_gear",NA,NA,NA,164.7,88.6,305.7,113.7,60.4,216.3,164.7,113.7,"BSS"
2025-08-04,"weekday",5.5,"private_boat","all_gear",NA,NA,NA,168.4,85,344.1,556.1,247.6,1257.1,168.4,556.1,"BSS"
2025-08-04,"weekday",5.5,"shore","all_gear",NA,NA,NA,76.2,41.5,142.4,79.2,41.8,150,76.2,79.2,"BSS"
2025-08-05,"weekday",5.5,"private_boat","all_gear",121.5,2.2,273.3,168.9,83.8,351.8,551.1,247.1,1269.7,168.9,551.1,"BSS"
2025-08-05,"weekday",5.5,"shore","all_gear",221.9,0.6,127.9,75.9,40.8,140.5,79.1,41.1,149.3,75.9,79.1,"BSS"
2025-08-06,"weekday",5.5,"private_boat","all_gear",40.5,0.2,7.4,169.6,86.6,339.6,562.7,249.9,1258.5,169.6,562.7,"BSS"
2025-08-06,"weekday",5.5,"shore","all_gear",217.7,0.4,95.6,76.4,41.6,142.8,79.2,41.1,149.8,76.4,79.2,"BSS"
2025-08-07,"weekday",5.5,"private_boat","all_gear",NA,NA,NA,168.4,81.9,339.5,557.1,244.6,1260.9,168.4,557.1,"BSS"
2025-08-07,"weekday",5.5,"shore","all_gear",NA,NA,NA,76.4,41.9,139.4,79,42.5,147.1,76.4,79,"BSS"
2025-08-08,"weekend",5.3,"private_boat","all_gear",NA,NA,NA,220.3,108.2,448.6,698.5,306.7,1620.1,220.3,698.5,"BSS"
2025-08-08,"weekend",5.3,"shore","all_gear",NA,NA,NA,165.3,88,304.5,114.5,59.4,215.5,165.3,114.5,"BSS"
2025-08-09,"weekend",5.3,"private_boat","all_gear",NA,NA,NA,222.2,111.7,441.4,710.4,315.7,1544.5,222.2,710.4,"BSS"
2025-08-09,"weekend",5.3,"shore","all_gear",NA,NA,NA,164.9,88.7,304.5,114.1,59.8,215.4,164.9,114.1,"BSS"
2025-08-10,"weekend",5.3,"private_boat","all_gear",NA,NA,NA,217.6,106.7,444.3,698.1,308.2,1650.7,217.6,698.1,"BSS"
2025-08-10,"weekend",5.3,"shore","all_gear",NA,NA,NA,164.5,89.3,307.3,113.6,60.2,217.6,164.5,113.6,"BSS"
2025-08-11,"weekday",5.5,"private_boat","all_gear",NA,NA,NA,168.8,84.1,335.2,551.7,249.3,1225.5,168.8,551.7,"BSS"
2025-08-11,"weekday",5.5,"shore","all_gear",NA,NA,NA,76.7,41.7,140.6,79.5,42.3,148.6,76.7,79.5,"BSS"
2025-08-12,"weekday",5.5,"private_boat","all_gear",NA,NA,NA,169.7,83.7,345.2,556.1,245.1,1262.2,169.7,556.1,"BSS"
2025-08-12,"weekday",5.5,"shore","all_gear",NA,NA,NA,77.1,41.2,142.1,79.9,41.8,150.5,77.1,79.9,"BSS"
2025-08-13,"weekday",5.5,"private_boat","all_gear",12,NA,NA,167.8,85.9,342.5,553.6,247.2,1262,167.8,553.6,"BSS"
2025-08-13,"weekday",5.5,"shore","all_gear",244.5,0.5,115.3,76.1,41.2,141.2,79.3,41.5,150.3,76.1,79.3,"BSS"
2025-08-14,"weekday",5.5,"private_boat","all_gear",76.8,NA,NA,169,84.8,336.3,550,252.3,1238.1,169,550,"BSS"
2025-08-14,"weekday",5.5,"shore","all_gear",175.1,0.4,71,76.6,41.5,142.1,79,42.3,149.1,76.6,79,"BSS"
2025-08-15,"weekend",5.3,"private_boat","all_gear",13,NA,NA,221.8,110.2,445.2,707.4,317.9,1613,221.8,707.4,"BSS"
2025-08-15,"weekend",5.3,"shore","all_gear",132.8,0.1,9.5,164.7,88.8,309.8,114.7,59.1,218.2,164.7,114.7,"BSS"
2025-08-16,"weekend",5.3,"private_boat","all_gear",38.9,NA,NA,219.7,107.5,458.1,706.6,306.1,1633.9,219.7,706.6,"BSS"
2025-08-16,"weekend",5.3,"shore","all_gear",296.3,0.3,103.6,163.5,90.5,299.9,113.5,60.2,217.4,163.5,113.5,"BSS"
2025-08-17,"weekend",5.3,"private_boat","all_gear",NA,NA,NA,219.7,107.7,446.8,701.4,307.8,1598.7,219.7,701.4,"BSS"
2025-08-17,"weekend",5.3,"shore","all_gear",NA,NA,NA,164.9,86.5,304.5,113.3,58.7,216.8,164.9,113.3,"BSS"
2025-08-18,"weekday",5.5,"private_boat","all_gear",NA,NA,NA,169.2,83.7,342.7,556,252.1,1229.6,169.2,556,"BSS"
2025-08-18,"weekday",5.5,"shore","all_gear",NA,NA,NA,76.9,40.5,142.4,79.4,41.1,150.4,76.9,79.4,"BSS"
2025-08-19,"weekday",5.5,"private_boat","all_gear",312.5,0.2,78.1,167.5,82.9,349.1,553.9,244.7,1246.3,167.5,553.9,"BSS"
2025-08-19,"weekday",5.5,"shore","all_gear",288.6,0.3,100.4,76.2,41.5,141.3,79.2,42,148.8,76.2,79.2,"BSS"
2025-08-20,"weekday",5.5,"private_boat","all_gear",235.6,NA,NA,168.9,80.9,342.2,554.2,248.2,1243.3,168.9,554.2,"BSS"
2025-08-20,"weekday",5.5,"shore","all_gear",342.5,0.2,78.4,76.8,41.3,141.3,79.6,42.1,149.9,76.8,79.6,"BSS"
2025-08-21,"weekday",5.5,"private_boat","all_gear",NA,NA,NA,168.5,85.2,337.1,555.6,249.7,1251,168.5,555.6,"BSS"
2025-08-21,"weekday",5.5,"shore","all_gear",NA,NA,NA,76.2,41.3,142.4,78.8,41.8,150,76.2,78.8,"BSS"
2025-08-22,"weekend",5.3,"private_boat","all_gear",NA,NA,NA,220,109,447.2,707.8,309.4,1572.5,220,707.8,"BSS"
2025-08-22,"weekend",5.3,"shore","all_gear",NA,NA,NA,163.9,88.3,299.4,113.5,60.1,213.1,163.9,113.5,"BSS"
2025-08-23,"weekend",5.3,"private_boat","all_gear",NA,NA,NA,218.4,110.6,442.1,705.5,314.1,1592.6,218.4,705.5,"BSS"
2025-08-23,"weekend",5.3,"shore","all_gear",NA,NA,NA,165.1,86.7,309.7,114.4,57.9,219.2,165.1,114.4,"BSS"
2025-08-24,"weekend",5.3,"private_boat","all_gear",NA,NA,NA,217.9,108.1,452.7,699.6,307.6,1601.8,217.9,699.6,"BSS"
2025-08-24,"weekend",5.3,"shore","all_gear",NA,NA,NA,163.6,87,301,113.4,58.3,212.9,163.6,113.4,"BSS"
2025-08-25,"weekday",5.6,"private_boat","all_gear",NA,NA,NA,167.3,83.3,344.7,552.3,242.8,1260.8,167.3,552.3,"BSS"
2025-08-25,"weekday",5.6,"shore","all_gear",NA,NA,NA,76.9,41.7,139.5,79.6,42.5,146.8,76.9,79.6,"BSS"
2025-08-26,"weekday",5.6,"private_boat","all_gear",63.6,0.1,3.7,169.4,83.5,335.3,555,247.1,1245.2,169.4,555,"BSS"
2025-08-26,"weekday",5.6,"shore","all_gear",126.6,0.3,35,94.7,50.9,173.8,98.1,51.6,184,94.7,98.1,"BSS"
2025-08-27,"weekday",5.6,"private_boat","all_gear",NA,NA,NA,169.3,82.2,354.9,555,240.8,1304.6,169.3,555,"BSS"
2025-08-27,"weekday",5.6,"shore","all_gear",NA,NA,NA,76.1,41.8,140.9,79.2,42.3,147.3,76.1,79.2,"BSS"
2025-08-28,"weekday",5.6,"private_boat","all_gear",334.1,1.5,501.1,169.8,81.3,344.4,556.3,244,1242.3,169.8,556.3,"BSS"
2025-08-28,"weekday",5.6,"shore","all_gear",203.8,0.4,72.6,76.2,41.4,138.9,79,42.3,147.9,76.2,79,"BSS"
2025-08-29,"weekend",5.3,"private_boat","all_gear",304.2,NA,NA,221.4,112.7,448.5,702.2,317.7,1573.4,221.4,702.2,"BSS"
2025-08-29,"weekend",5.3,"shore","all_gear",233.9,0.1,16.3,162.9,89.1,308,112.4,60.1,217.9,162.9,112.4,"BSS"
2025-08-30,"weekend",5.3,"private_boat","all_gear",530.4,NA,NA,219.4,108.7,448.5,706.2,308.2,1607.3,219.4,706.2,"BSS"
2025-08-30,"weekend",5.3,"shore","all_gear",480.5,0.1,33.9,163.8,88.3,305.3,113.6,59.2,216.5,163.8,113.6,"BSS"
2025-08-31,"weekend",5.3,"private_boat","all_gear",NA,NA,NA,220.7,110.1,456.9,708.5,312.4,1639.7,220.7,708.5,"BSS"
2025-08-31,"weekend",5.3,"shore","all_gear",NA,NA,NA,163.9,89.9,303.5,113.9,60.9,215.7,163.9,113.9,"BSS"
2025-09-01,"holiday",5.3,"private_boat","all_gear",274.1,NA,NA,300.6,118.1,807.8,600,184.6,1992.6,300.6,600,"BSS"
2025-09-01,"holiday",5.3,"shore","all_gear",281.5,0.2,44.5,187.5,90.5,396.2,174.5,82.2,377.2,187.5,174.5,"BSS"
2025-09-02,"weekday",5.6,"private_boat","all_gear",NA,NA,NA,137.1,65.3,294.2,270.3,98.3,765.7,137.1,270.3,"BSS"
2025-09-02,"weekday",5.6,"shore","all_gear",NA,NA,NA,59.6,31.8,109.9,82.7,42.5,159.5,59.6,82.7,"BSS"
2025-09-03,"weekday",5.6,"private_boat","all_gear",72.9,NA,NA,134.9,64.5,294,270.8,99.2,749.7,134.9,270.8,"BSS"
2025-09-03,"weekday",5.6,"shore","all_gear",140.1,1,146.2,59.7,31.6,111.6,83,42,163.8,59.7,83,"BSS"
2025-09-04,"weekday",5.6,"private_boat","all_gear",47.9,0.3,16,137.8,67.3,284.5,274.2,104.3,748.2,137.8,274.2,"BSS"
2025-09-04,"weekday",5.6,"shore","all_gear",183.9,0.5,88.1,59.8,32.4,113.4,83.2,43.4,161.8,59.8,83.2,"BSS"
2025-09-05,"weekend",5.3,"private_boat","all_gear",NA,NA,NA,178.8,84.9,390.6,351.1,129.6,986.4,178.8,351.1,"BSS"
2025-09-05,"weekend",5.3,"shore","all_gear",NA,NA,NA,127.6,69,238.7,118.6,61.6,230.6,127.6,118.6,"BSS"
2025-09-06,"weekend",5.3,"private_boat","all_gear",228.9,NA,NA,178.3,83.4,383,349.2,123.6,966.5,178.3,349.2,"BSS"
2025-09-06,"weekend",5.3,"shore","all_gear",423.1,0.3,124.7,127.9,67.8,242,118.9,61.3,232.9,127.9,118.9,"BSS"
2025-09-07,"weekend",5.3,"private_boat","all_gear",NA,NA,NA,178.5,85.6,376.2,344.4,127.4,978.9,178.5,344.4,"BSS"
2025-09-07,"weekend",5.3,"shore","all_gear",NA,NA,NA,128.6,68.1,239.3,119,60.9,232.6,128.6,119,"BSS"
2025-09-08,"weekday",5.6,"private_boat","all_gear",NA,NA,NA,137,66.7,296.7,272.4,100.5,776.6,137,272.4,"BSS"
2025-09-08,"weekday",5.6,"shore","all_gear",NA,NA,NA,59.6,31.6,110.6,82.6,41.9,161.5,59.6,82.6,"BSS"
2025-09-09,"weekday",5.6,"private_boat","all_gear",138.5,0.2,33.4,136.2,64.8,292.5,274.4,101.3,776.7,136.2,274.4,"BSS"
2025-09-09,"weekday",5.6,"shore","all_gear",181.4,0.9,155.2,59.6,31.5,113.5,82.6,41.7,164.1,59.6,82.6,"BSS"
2025-09-10,"weekday",5.6,"private_boat","all_gear",100.5,0.5,48.7,136.2,66.5,295.2,272.9,102,781.2,136.2,272.9,"BSS"
2025-09-10,"weekday",5.6,"shore","all_gear",172.6,0.4,71.6,59.5,31.9,110.9,82,42.6,163.3,59.5,82,"BSS"
2025-09-11,"weekday",5.6,"private_boat","all_gear",NA,NA,NA,137.2,66.6,289.6,275.7,103.2,750.4,137.2,275.7,"BSS"
2025-09-11,"weekday",5.6,"shore","all_gear",106.8,1,110.7,59.8,32.1,113.3,83.2,42.6,163.2,59.8,83.2,"BSS"
2025-09-12,"weekend",5.3,"private_boat","all_gear",83,0,0,180.1,85.6,393.4,348.3,127.9,985.6,180.1,348.3,"BSS"
2025-09-12,"weekend",5.3,"shore","all_gear",183.3,0.7,131.6,127.8,68.9,241.6,118.3,61.1,234.3,127.8,118.3,"BSS"
2025-09-13,"weekend",5.3,"private_boat","all_gear",187.9,0.2,37.6,177.7,85,386.3,352.6,126.3,974.4,177.7,352.6,"BSS"
2025-09-13,"weekend",5.3,"shore","all_gear",417.1,0.3,130.6,128,67.6,241.6,118.4,60.2,233.1,128,118.4,"BSS"
2025-09-14,"weekend",5.3,"private_boat","all_gear",NA,NA,NA,179.1,85.5,385.1,349.8,125.8,971,179.1,349.8,"BSS"
2025-09-14,"weekend",5.3,"shore","all_gear",NA,NA,NA,128.2,68.7,235.5,118.4,61.1,231.3,128.2,118.4,"BSS"
2025-09-15,"weekday",5.6,"private_boat","all_gear",NA,NA,NA,136.5,65.2,303,270.1,99.1,789,136.5,270.1,"BSS"
2025-09-15,"weekday",5.6,"shore","all_gear",NA,NA,NA,59.7,32.3,110.5,82.7,43.2,158.6,59.7,82.7,"BSS"
