"data_type","day_index","event_date","observed","fitted_mean","pit","in_50","in_95"
"gear",2,"2024-09-17",30,28.668,0.6126,TRUE,TRUE
"gear",3,"2024-09-18",29,28.341,0.5982,TRUE,TRUE
"gear",4,"2024-09-19",55,30.962,0.8932,FALSE,TRUE
"gear",5,"2024-09-20",29,43.49,0.3362,TRUE,TRUE
"gear",6,"2024-09-21",48,45.657,0.6179,TRUE,TRUE
"gear",9,"2024-09-24",50,30.58,0.8603,FALSE,TRUE
"gear",10,"2024-09-25",13,25.72,0.2187,FALSE,TRUE
"gear",12,"2024-09-27",34,43.176,0.4311,TRUE,TRUE
"gear",13,"2024-09-28",79,49.522,0.8521,FALSE,TRUE
"gear",16,"2024-10-01",30,28.657,0.6155,TRUE,TRUE
"gear",18,"2024-10-03",45,30.384,0.8156,FALSE,TRUE
"gear",19,"2024-10-04",29,43.545,0.3339,TRUE,TRUE
"gear",20,"2024-10-05",72,48.316,0.8228,FALSE,TRUE
"gear",23,"2024-10-08",30,27.74,0.634,TRUE,TRUE
"gear",24,"2024-10-09",29,27.713,0.6126,TRUE,TRUE
"gear",26,"2024-10-11",14,40.363,0.1064,FALSE,TRUE
"gear",27,"2024-10-12",62,46.992,0.758,FALSE,TRUE
"gear",28,"2024-10-13",64,47.344,0.7702,FALSE,TRUE
"gear",30,"2024-10-15",27,28.05,0.5591,TRUE,TRUE
"gear",31,"2024-10-16",37,29.208,0.7321,TRUE,TRUE
"gear",32,"2024-10-17",43,29.672,0.805,FALSE,TRUE
"gear",33,"2024-10-18",39,44.471,0.4975,TRUE,TRUE
"gear",34,"2024-10-19",62,46.545,0.7637,FALSE,TRUE
"gear",36,"2024-10-21",29,25.549,0.665,TRUE,TRUE
"gear",37,"2024-10-22",25,26.993,0.5353,TRUE,TRUE
"gear",38,"2024-10-23",35,27.771,0.7289,TRUE,TRUE
"gear",39,"2024-10-24",24,26.29,0.5286,TRUE,TRUE
"gear",40,"2024-10-25",10,38.123,0.0659,FALSE,TRUE
"gear",41,"2024-10-26",36,41.527,0.5012,TRUE,TRUE
"gear",42,"2024-10-27",18,38.956,0.1859,FALSE,TRUE
"gear",45,"2024-10-30",18,25.184,0.3861,TRUE,TRUE
"gear",46,"2024-10-31",12,24.655,0.2101,FALSE,TRUE
"gear",47,"2024-11-01",33,42.051,0.4307,TRUE,TRUE
"gear",48,"2024-11-02",79,47.988,0.8669,FALSE,TRUE
"gear",51,"2024-11-05",8,24.242,0.1106,FALSE,TRUE
"gear",52,"2024-11-06",17,25.365,0.3523,TRUE,TRUE
"gear",53,"2024-11-07",25,26.039,0.5597,TRUE,TRUE
"gear",54,"2024-11-08",36,42.19,0.4823,TRUE,TRUE
"gear",55,"2024-11-09",22,40.309,0.2294,FALSE,TRUE
"gear",59,"2024-11-13",25,27.162,0.529,TRUE,TRUE
"gear",60,"2024-11-14",43,29.746,0.8039,FALSE,TRUE
"gear",61,"2024-11-15",46,45.043,0.5958,TRUE,TRUE
"gear",62,"2024-11-16",57,46.4,0.7173,TRUE,TRUE
"gear",65,"2024-11-19",13,23.959,0.2606,TRUE,TRUE
"gear",66,"2024-11-20",0,22.296,0.0012,FALSE,FALSE
"gear",67,"2024-11-21",15,23.801,0.3376,TRUE,TRUE
"gear",68,"2024-11-22",6,36.308,0.0301,FALSE,TRUE
"gear",69,"2024-11-23",23,39.095,0.2924,TRUE,TRUE
"gear",72,"2024-11-26",26,27.118,0.5563,TRUE,TRUE
"gear",73,"2024-11-27",33,28.626,0.6749,TRUE,TRUE
"gear",75,"2024-11-29",51,61.847,0.5372,TRUE,TRUE
"gear",76,"2024-11-30",123,55.709,0.9469,FALSE,TRUE
"catch",2,"2024-09-17",3,5.012,0.4189,TRUE,TRUE
"catch",2,"2024-09-17",1,3.759,0.2348,FALSE,TRUE
"catch",2,"2024-09-17",0,2.819,0.1026,FALSE,TRUE
"catch",2,"2024-09-17",0,1.41,0.1858,FALSE,TRUE
"catch",2,"2024-09-17",1,3.446,0.2553,TRUE,TRUE
"catch",2,"2024-09-17",27,15.037,0.8487,FALSE,TRUE
"catch",2,"2024-09-17",8,6.266,0.7129,TRUE,TRUE
"catch",2,"2024-09-17",0,4.386,0.0642,FALSE,TRUE
"catch",2,"2024-09-17",6,2.193,0.9263,FALSE,TRUE
"catch",2,"2024-09-17",1,1.629,0.4634,TRUE,TRUE
"catch",3,"2024-09-18",0,1.266,0.2004,FALSE,TRUE
"catch",3,"2024-09-18",1,1.898,0.4177,TRUE,TRUE
"catch",3,"2024-09-18",1,3.797,0.2323,FALSE,TRUE
"catch",3,"2024-09-18",0,3.797,0.0752,FALSE,TRUE
"catch",3,"2024-09-18",0,1.898,0.1471,FALSE,TRUE
"catch",3,"2024-09-18",1,3.164,0.2761,TRUE,TRUE
"catch",3,"2024-09-18",3,1.582,0.8199,FALSE,TRUE
"catch",3,"2024-09-18",1,1.582,0.4719,TRUE,TRUE
"catch",3,"2024-09-18",0,1.266,0.2004,FALSE,TRUE
"catch",3,"2024-09-18",0,1.898,0.1471,FALSE,TRUE
"catch",3,"2024-09-18",7,3.797,0.8387,FALSE,TRUE
"catch",3,"2024-09-18",4,1.266,0.9354,FALSE,TRUE
"catch",3,"2024-09-18",12,5.062,0.9139,FALSE,TRUE
"catch",4,"2024-09-19",1,2.729,0.3135,TRUE,TRUE
"catch",4,"2024-09-19",0,0.682,0.2852,TRUE,TRUE
"catch",4,"2024-09-19",7,4.775,0.7629,FALSE,TRUE
"catch",4,"2024-09-19",5,10.915,0.3122,TRUE,TRUE
"catch",4,"2024-09-19",0,3.07,0.0936,FALSE,TRUE
"catch",4,"2024-09-19",5,2.729,0.8283,FALSE,TRUE
"catch",4,"2024-09-19",1,2.047,0.3946,TRUE,TRUE
"catch",4,"2024-09-19",0,0.512,0.3222,TRUE,TRUE
"catch",4,"2024-09-19",5,2.729,0.8283,FALSE,TRUE
"catch",4,"2024-09-19",0,4.093,0.0688,FALSE,TRUE
"catch",4,"2024-09-19",7,6.822,0.6218,TRUE,TRUE
"catch",4,"2024-09-19",7,6.14,0.6654,TRUE,TRUE
"catch",4,"2024-09-19",5,4.093,0.6898,TRUE,TRUE
"catch",4,"2024-09-19",6,8.186,0.4824,TRUE,TRUE
"catch",4,"2024-09-19",10,1.364,0.9985,FALSE,FALSE
"catch",4,"2024-09-19",5,8.186,0.4135,TRUE,TRUE
"catch",5,"2024-09-20",11,11.156,0.6073,TRUE,TRUE
"catch",5,"2024-09-20",2,1.394,0.7257,TRUE,TRUE
"catch",5,"2024-09-20",1,4.648,0.1896,FALSE,TRUE
"catch",5,"2024-09-20",1,0.697,0.6994,TRUE,TRUE
"catch",5,"2024-09-20",6,4.648,0.7142,TRUE,TRUE
"catch",5,"2024-09-20",0,1.394,0.1875,FALSE,TRUE
"catch",5,"2024-09-20",6,2.789,0.8764,FALSE,TRUE
"catch",5,"2024-09-20",0,2.324,0.1235,FALSE,TRUE
"catch",6,"2024-09-21",11,4.749,0.9074,FALSE,TRUE
"catch",6,"2024-09-21",2,0.791,0.8636,FALSE,TRUE
"catch",6,"2024-09-21",6,9.894,0.4095,TRUE,TRUE
"catch",6,"2024-09-21",3,9.894,0.2117,FALSE,TRUE
"catch",6,"2024-09-21",0,3.166,0.0911,FALSE,TRUE
"catch",6,"2024-09-21",1,3.166,0.2759,TRUE,TRUE
"catch",6,"2024-09-21",1,6.332,0.134,FALSE,TRUE
"catch",6,"2024-09-21",0,1.583,0.1702,FALSE,TRUE
"catch",6,"2024-09-21",3,3.166,0.5904,TRUE,TRUE
"catch",6,"2024-09-21",4,3.957,0.6155,TRUE,TRUE
"catch",6,"2024-09-21",3,4.749,0.4381,TRUE,TRUE
"catch",6,"2024-09-21",0,1.583,0.1702,FALSE,TRUE
"catch",6,"2024-09-21",5,2.374,0.8657,FALSE,TRUE
"catch",6,"2024-09-21",0,1.187,0.2092,FALSE,TRUE
"catch",6,"2024-09-21",0,10.883,0.0205,FALSE,FALSE
"catch",6,"2024-09-21",4,7.123,0.3887,TRUE,TRUE
"catch",6,"2024-09-21",6,7.915,0.4978,TRUE,TRUE
"catch",6,"2024-09-21",4,4.749,0.5436,TRUE,TRUE
"catch",6,"2024-09-21",0,7.915,0.0313,FALSE,TRUE
"catch",6,"2024-09-21",2,4.749,0.3167,TRUE,TRUE
"catch",6,"2024-09-21",4,2.374,0.7967,FALSE,TRUE
"catch",6,"2024-09-21",6,3.957,0.7725,FALSE,TRUE
"catch",9,"2024-09-24",5,1.453,0.9535,FALSE,TRUE
"catch",9,"2024-09-24",7,28.332,0.1495,FALSE,TRUE
"catch",9,"2024-09-24",0,1.453,0.1817,FALSE,TRUE
"catch",9,"2024-09-24",0,3.632,0.079,FALSE,TRUE
"catch",9,"2024-09-24",9,9.444,0.5921,TRUE,TRUE
"catch",9,"2024-09-24",3,7.701,0.2784,TRUE,TRUE
"catch",9,"2024-09-24",6,13.948,0.2904,TRUE,TRUE
"catch",9,"2024-09-24",9,17.435,0.3447,TRUE,TRUE
"catch",9,"2024-09-24",5,2.543,0.848,FALSE,TRUE
"catch",9,"2024-09-24",0,1.09,0.2212,FALSE,TRUE
"catch",9,"2024-09-24",6,4.213,0.7504,FALSE,TRUE
"catch",9,"2024-09-24",6,1.453,0.975,FALSE,FALSE
"catch",9,"2024-09-24",9,13.803,0.433,TRUE,TRUE
"catch",10,"2024-09-25",0,9.013,0.0269,FALSE,TRUE
"catch",10,"2024-09-25",3,1.803,0.7843,FALSE,TRUE
"catch",10,"2024-09-25",3,5.408,0.3948,TRUE,TRUE
"catch",10,"2024-09-25",2,5.408,0.2819,TRUE,TRUE
"catch",10,"2024-09-25",10,0.451,1,FALSE,FALSE
"catch",10,"2024-09-25",2,2.704,0.5063,TRUE,TRUE
"catch",10,"2024-09-25",1,1.352,0.5204,TRUE,TRUE
"catch",10,"2024-09-25",7,3.155,0.8877,FALSE,TRUE
"catch",12,"2024-09-27",0,0.533,0.3173,TRUE,TRUE
"catch",12,"2024-09-27",0,0.8,0.264,TRUE,TRUE
"catch",12,"2024-09-27",4,3.465,0.6663,TRUE,TRUE
"catch",12,"2024-09-27",8,7.996,0.6122,TRUE,TRUE
"catch",12,"2024-09-27",6,3.731,0.7924,FALSE,TRUE
"catch",12,"2024-09-27",3,3.332,0.5708,TRUE,TRUE
"catch",12,"2024-09-27",2,12.793,0.1038,FALSE,TRUE
"catch",12,"2024-09-27",0,2.399,0.1194,FALSE,TRUE
"catch",12,"2024-09-27",5,7.463,0.4502,TRUE,TRUE
"catch",12,"2024-09-27",3,1.866,0.7733,FALSE,TRUE
"catch",12,"2024-09-27",12,2.132,0.9957,FALSE,FALSE
"catch",12,"2024-09-27",3,2.665,0.6539,TRUE,TRUE
"catch",12,"2024-09-27",0,2.399,0.1194,FALSE,TRUE
"catch",12,"2024-09-27",2,5.864,0.2567,TRUE,TRUE
"catch",13,"2024-09-28",0,1.992,0.1399,FALSE,TRUE
"catch",13,"2024-09-28",2,1.494,0.7035,TRUE,TRUE
"catch",13,"2024-09-28",1,2.988,0.2879,TRUE,TRUE
"catch",13,"2024-09-28",0,1.693,0.1602,FALSE,TRUE
"catch",13,"2024-09-28",2,2.988,0.466,TRUE,TRUE
"catch",13,"2024-09-28",4,2.091,0.8332,FALSE,TRUE
"catch",13,"2024-09-28",2,1.494,0.7035,TRUE,TRUE
"catch",13,"2024-09-28",6,5.478,0.6469,TRUE,TRUE
"catch",13,"2024-09-28",0,3.984,0.0703,FALSE,TRUE
"catch",13,"2024-09-28",14,7.469,0.8563,FALSE,TRUE
"catch",13,"2024-09-28",2,1.992,0.6087,TRUE,TRUE
"catch",13,"2024-09-28",0,1.992,0.1399,FALSE,TRUE
"catch",13,"2024-09-28",0,3.735,0.0755,FALSE,TRUE
"catch",13,"2024-09-28",2,0.747,0.8743,FALSE,TRUE
"catch",13,"2024-09-28",1,1.494,0.4869,TRUE,TRUE
"catch",13,"2024-09-28",0,1.494,0.1767,FALSE,TRUE
"catch",13,"2024-09-28",0,0.398,0.3512,TRUE,TRUE
"catch",13,"2024-09-28",2,2.49,0.5304,TRUE,TRUE
"catch",13,"2024-09-28",1,0.498,0.7722,FALSE,TRUE
"catch",13,"2024-09-28",0,2.241,0.126,FALSE,TRUE
"catch",13,"2024-09-28",8,2.988,0.9309,FALSE,TRUE
"catch",13,"2024-09-28",6,2.49,0.903,FALSE,TRUE
"catch",13,"2024-09-28",3,4.98,0.4174,TRUE,TRUE
"catch",13,"2024-09-28",7,23.902,0.181,FALSE,TRUE
"catch",13,"2024-09-28",3,1.494,0.8347,FALSE,TRUE
"catch",13,"2024-09-28",14,7.469,0.8563,FALSE,TRUE
"catch",13,"2024-09-28",0,2.49,0.1142,FALSE,TRUE
"catch",13,"2024-09-28",6,1.494,0.9738,FALSE,TRUE
"catch",13,"2024-09-28",0,2.988,0.0955,FALSE,TRUE
"catch",13,"2024-09-28",5,4.482,0.6532,TRUE,TRUE
"catch",13,"2024-09-28",0,2.988,0.0955,FALSE,TRUE
"catch",13,"2024-09-28",3,1.494,0.8347,FALSE,TRUE
"catch",13,"2024-09-28",1,0.996,0.6052,TRUE,TRUE
"catch",13,"2024-09-28",0,2.241,0.126,FALSE,TRUE
"catch",13,"2024-09-28",1,4.98,0.173,FALSE,TRUE
"catch",13,"2024-09-28",6,7.469,0.5179,TRUE,TRUE
"catch",13,"2024-09-28",5,7.469,0.4465,TRUE,TRUE
"catch",13,"2024-09-28",2,1.494,0.7035,TRUE,TRUE
"catch",13,"2024-09-28",4,2.988,0.7196,TRUE,TRUE
"catch",13,"2024-09-28",5,1.992,0.9056,FALSE,TRUE
"catch",13,"2024-09-28",4,1.494,0.9096,FALSE,TRUE
"catch",13,"2024-09-28",0,5.975,0.0437,FALSE,TRUE
"catch",16,"2024-10-01",5,4.166,0.6838,TRUE,TRUE
"catch",16,"2024-10-01",1,2.678,0.3199,TRUE,TRUE
"catch",16,"2024-10-01",0,5.357,0.0509,FALSE,TRUE
"catch",16,"2024-10-01",13,9.821,0.7315,TRUE,TRUE
"catch",16,"2024-10-01",1,3.571,0.2467,FALSE,TRUE
"catch",16,"2024-10-01",0,2.381,0.1205,FALSE,TRUE
"catch",16,"2024-10-01",0,2.976,0.0972,FALSE,TRUE
"catch",16,"2024-10-01",2,1.786,0.6476,TRUE,TRUE
"catch",16,"2024-10-01",0,7.142,0.0358,FALSE,TRUE
"catch",16,"2024-10-01",6,4.761,0.7046,TRUE,TRUE
"catch",16,"2024-10-01",3,3.571,0.545,TRUE,TRUE
"catch",16,"2024-10-01",11,5.952,0.848,FALSE,TRUE
"catch",18,"2024-10-03",6,3.662,0.7984,FALSE,TRUE
"catch",18,"2024-10-03",1,5.326,0.1621,FALSE,TRUE
"catch",18,"2024-10-03",0,0.999,0.2328,FALSE,TRUE
"catch",18,"2024-10-03",2,0.666,0.8934,FALSE,TRUE
"catch",18,"2024-10-03",2,7.989,0.1826,FALSE,TRUE
"catch",18,"2024-10-03",3,0.666,0.9624,FALSE,TRUE
"catch",18,"2024-10-03",5,6.924,0.4787,TRUE,TRUE
"catch",18,"2024-10-03",6,1.332,0.9811,FALSE,FALSE
"catch",18,"2024-10-03",1,0.666,0.7098,TRUE,TRUE
"catch",18,"2024-10-03",0,2.663,0.1078,FALSE,TRUE
"catch",18,"2024-10-03",1,1.332,0.5224,TRUE,TRUE
"catch",18,"2024-10-03",3,2.663,0.6537,TRUE,TRUE
"catch",18,"2024-10-03",1,1.997,0.4018,TRUE,TRUE
"catch",18,"2024-10-03",7,9.321,0.4911,TRUE,TRUE
"catch",18,"2024-10-03",6,3.196,0.8404,FALSE,TRUE
"catch",18,"2024-10-03",2,10.652,0.1298,FALSE,TRUE
"catch",18,"2024-10-03",0,4.261,0.0658,FALSE,TRUE
"catch",18,"2024-10-03",5,3.995,0.6992,TRUE,TRUE
"catch",18,"2024-10-03",2,2.663,0.5082,TRUE,TRUE
"catch",18,"2024-10-03",2,4.993,0.3006,TRUE,TRUE
"catch",18,"2024-10-03",4,1.997,0.8455,FALSE,TRUE
"catch",18,"2024-10-03",2,3.995,0.3694,TRUE,TRUE
"catch",19,"2024-10-04",10,3.832,0.9297,FALSE,TRUE
"catch",19,"2024-10-04",0,1.437,0.1831,FALSE,TRUE
"catch",19,"2024-10-04",3,4.79,0.4351,TRUE,TRUE
"catch",19,"2024-10-04",4,4.551,0.5606,TRUE,TRUE
"catch",19,"2024-10-04",0,0.719,0.2786,TRUE,TRUE
"catch",19,"2024-10-04",3,2.874,0.6266,TRUE,TRUE
"catch",19,"2024-10-04",2,4.551,0.3298,TRUE,TRUE
"catch",19,"2024-10-04",0,0.479,0.3304,TRUE,TRUE
"catch",19,"2024-10-04",2,7.425,0.1997,FALSE,TRUE
"catch",19,"2024-10-04",0,0.24,0.4006,TRUE,TRUE
"catch",19,"2024-10-04",0,0.719,0.2786,TRUE,TRUE
"catch",19,"2024-10-04",8,1.916,0.9806,FALSE,FALSE
"catch",19,"2024-10-04",0,3.161,0.0913,FALSE,TRUE
"catch",20,"2024-10-05",0,0.449,0.3379,TRUE,TRUE
"catch",20,"2024-10-05",5,3.588,0.7388,TRUE,TRUE
"catch",20,"2024-10-05",1,1.794,0.4333,TRUE,TRUE
"catch",20,"2024-10-05",1,9.867,0.0774,FALSE,TRUE
"catch",20,"2024-10-05",0,2.018,0.139,FALSE,TRUE
"catch",20,"2024-10-05",5,13.455,0.2489,FALSE,TRUE
"catch",20,"2024-10-05",0,0.897,0.2477,FALSE,TRUE
"catch",20,"2024-10-05",2,3.588,0.4047,TRUE,TRUE
"catch",20,"2024-10-05",14,17.94,0.5026,TRUE,TRUE
"catch",20,"2024-10-05",2,4.485,0.3326,TRUE,TRUE
"catch",20,"2024-10-05",3,2.243,0.714,TRUE,TRUE
"catch",20,"2024-10-05",0,2.243,0.1266,FALSE,TRUE
"catch",20,"2024-10-05",1,4.037,0.2173,FALSE,TRUE
"catch",20,"2024-10-05",2,0.449,0.9422,FALSE,TRUE
"catch",20,"2024-10-05",6,5.382,0.6553,TRUE,TRUE
"catch",20,"2024-10-05",0,1.346,0.1914,FALSE,TRUE
"catch",20,"2024-10-05",0,1.346,0.1914,FALSE,TRUE
"catch",20,"2024-10-05",6,0.449,0.9997,FALSE,FALSE
"catch",20,"2024-10-05",5,13.455,0.2489,FALSE,TRUE
"catch",20,"2024-10-05",10,10.764,0.5794,TRUE,TRUE
"catch",20,"2024-10-05",3,14.352,0.1348,FALSE,TRUE
"catch",20,"2024-10-05",42,21.977,0.8711,FALSE,TRUE
"catch",20,"2024-10-05",9,10.764,0.5343,TRUE,TRUE
"catch",20,"2024-10-05",4,2.018,0.8427,FALSE,TRUE
"catch",20,"2024-10-05",1,2.691,0.3172,TRUE,TRUE
"catch",23,"2024-10-08",2,6.491,0.2302,FALSE,TRUE
"catch",23,"2024-10-08",6,5.77,0.6272,TRUE,TRUE
"catch",23,"2024-10-08",3,2.164,0.7261,TRUE,TRUE
"catch",23,"2024-10-08",9,10.098,0.5622,TRUE,TRUE
"catch",23,"2024-10-08",10,5.41,0.8467,FALSE,TRUE
"catch",23,"2024-10-08",7,6.059,0.6711,TRUE,TRUE
"catch",23,"2024-10-08",7,4.328,0.7973,FALSE,TRUE
"catch",23,"2024-10-08",2,1.803,0.6437,TRUE,TRUE
"catch",23,"2024-10-08",1,1.443,0.4988,TRUE,TRUE
"catch",23,"2024-10-08",3,4.328,0.4714,TRUE,TRUE
"catch",23,"2024-10-08",4,9.737,0.2841,TRUE,TRUE
"catch",24,"2024-10-09",2,2.787,0.4927,TRUE,TRUE
"catch",24,"2024-10-09",2,3.982,0.3711,TRUE,TRUE
"catch",24,"2024-10-09",0,1.195,0.2081,FALSE,TRUE
"catch",24,"2024-10-09",6,7.964,0.4944,TRUE,TRUE
"catch",24,"2024-10-09",12,3.584,0.9681,FALSE,TRUE
"catch",24,"2024-10-09",12,4.778,0.9259,FALSE,TRUE
"catch",24,"2024-10-09",8,3.186,0.9182,FALSE,TRUE
"catch",24,"2024-10-09",12,18.317,0.4313,TRUE,TRUE
"catch",24,"2024-10-09",3,1.792,0.7853,FALSE,TRUE
"catch",24,"2024-10-09",4,3.186,0.6975,TRUE,TRUE
"catch",24,"2024-10-09",5,8.76,0.3892,TRUE,TRUE
"catch",24,"2024-10-09",1,2.389,0.3507,TRUE,TRUE
"catch",24,"2024-10-09",0,7.964,0.031,FALSE,TRUE
"catch",24,"2024-10-09",2,0.717,0.8814,FALSE,TRUE
"catch",26,"2024-10-11",6,3.301,0.8309,FALSE,TRUE
"catch",26,"2024-10-11",1,1.651,0.4593,TRUE,TRUE
"catch",26,"2024-10-11",1,1.1,0.5787,TRUE,TRUE
"catch",26,"2024-10-11",0,0.33,0.3713,TRUE,TRUE
"catch",26,"2024-10-11",0,1.21,0.2066,FALSE,TRUE
"catch",26,"2024-10-11",2,1.1,0.7908,FALSE,TRUE
"catch",26,"2024-10-11",0,0.33,0.3713,TRUE,TRUE
"catch",26,"2024-10-11",5,5.502,0.573,TRUE,TRUE
"catch",26,"2024-10-11",5,4.401,0.6624,TRUE,TRUE
"catch",26,"2024-10-11",8,3.301,0.9108,FALSE,TRUE
"catch",26,"2024-10-11",2,0.825,0.8556,FALSE,TRUE
"catch",27,"2024-10-12",1,4.888,0.1788,FALSE,TRUE
"catch",27,"2024-10-12",1,2.222,0.3715,TRUE,TRUE
"catch",27,"2024-10-12",6,4.665,0.712,TRUE,TRUE
"catch",27,"2024-10-12",0,0.444,0.3392,TRUE,TRUE
"catch",27,"2024-10-12",5,2.222,0.8816,FALSE,TRUE
"catch",27,"2024-10-12",1,2.666,0.3206,TRUE,TRUE
"catch",27,"2024-10-12",0,1.111,0.2182,FALSE,TRUE
"catch",27,"2024-10-12",5,5.332,0.5851,TRUE,TRUE
"catch",27,"2024-10-12",5,5.332,0.5851,TRUE,TRUE
"catch",27,"2024-10-12",2,6.221,0.2414,FALSE,TRUE
"catch",27,"2024-10-12",4,12.441,0.2173,FALSE,TRUE
"catch",27,"2024-10-12",0,0.889,0.2493,FALSE,TRUE
"catch",27,"2024-10-12",0,0.444,0.3392,TRUE,TRUE
"catch",27,"2024-10-12",8,10.664,0.4903,TRUE,TRUE
"catch",27,"2024-10-12",4,3.555,0.6564,TRUE,TRUE
"catch",27,"2024-10-12",6,5.332,0.6595,TRUE,TRUE
"catch",28,"2024-10-13",0,0.957,0.239,FALSE,TRUE
"catch",28,"2024-10-13",0,0.574,0.3079,TRUE,TRUE
"catch",28,"2024-10-13",5,5.739,0.5548,TRUE,TRUE
"catch",28,"2024-10-13",2,1.435,0.7166,TRUE,TRUE
"catch",28,"2024-10-13",2,3.587,0.4053,TRUE,TRUE
"catch",28,"2024-10-13",2,4.304,0.3459,TRUE,TRUE
"catch",28,"2024-10-13",6,2.391,0.9107,FALSE,TRUE
"catch",28,"2024-10-13",3,2.152,0.7279,TRUE,TRUE
"catch",28,"2024-10-13",8,7.652,0.6303,TRUE,TRUE
"catch",28,"2024-10-13",4,8.609,0.3226,TRUE,TRUE
"catch",28,"2024-10-13",2,8.369,0.1734,FALSE,TRUE
"catch",28,"2024-10-13",1,4.304,0.2039,FALSE,TRUE
"catch",28,"2024-10-13",1,1.913,0.4147,TRUE,TRUE
"catch",28,"2024-10-13",10,9.565,0.6308,TRUE,TRUE
"catch",28,"2024-10-13",5,1.913,0.9128,FALSE,TRUE
"catch",28,"2024-10-13",0,4.017,0.0704,FALSE,TRUE
"catch",28,"2024-10-13",4,1.435,0.9162,FALSE,TRUE
"catch",30,"2024-10-15",3,2.7,0.6486,TRUE,TRUE
"catch",30,"2024-10-15",1,1.35,0.5183,TRUE,TRUE
"catch",30,"2024-10-15",1,1.35,0.5183,TRUE,TRUE
"catch",30,"2024-10-15",4,6.075,0.4462,TRUE,TRUE
"catch",30,"2024-10-15",0,4.05,0.0697,FALSE,TRUE
"catch",30,"2024-10-15",7,3.375,0.8715,FALSE,TRUE
"catch",30,"2024-10-15",6,6.75,0.562,TRUE,TRUE
"catch",30,"2024-10-15",0,3.375,0.0849,FALSE,TRUE
"catch",30,"2024-10-15",5,8.1,0.4176,TRUE,TRUE
"catch",30,"2024-10-15",4,2.025,0.8418,FALSE,TRUE
"catch",30,"2024-10-15",1,2.7,0.3165,TRUE,TRUE
"catch",30,"2024-10-15",6,4.05,0.764,FALSE,TRUE
"catch",30,"2024-10-15",6,3.375,0.8242,FALSE,TRUE
"catch",30,"2024-10-15",1,0.338,0.8393,FALSE,TRUE
"catch",31,"2024-10-16",2,2.375,0.5481,TRUE,TRUE
"catch",31,"2024-10-16",4,5.09,0.5144,TRUE,TRUE
"catch",31,"2024-10-16",0,1.357,0.1901,FALSE,TRUE
"catch",31,"2024-10-16",6,4.072,0.762,FALSE,TRUE
"catch",31,"2024-10-16",5,1.697,0.9334,FALSE,TRUE
"catch",31,"2024-10-16",4,5.09,0.5144,TRUE,TRUE
"catch",31,"2024-10-16",0,3.054,0.0939,FALSE,TRUE
"catch",31,"2024-10-16",3,3.393,0.5627,TRUE,TRUE
"catch",31,"2024-10-16",2,1.018,0.8097,FALSE,TRUE
"catch",31,"2024-10-16",0,3.393,0.0842,FALSE,TRUE
"catch",31,"2024-10-16",8,5.429,0.7667,FALSE,TRUE
"catch",31,"2024-10-16",8,5.429,0.7667,FALSE,TRUE
"catch",31,"2024-10-16",3,4.072,0.4934,TRUE,TRUE
"catch",31,"2024-10-16",0,2.036,0.1378,FALSE,TRUE
"catch",31,"2024-10-16",3,2.715,0.6463,TRUE,TRUE
"catch",31,"2024-10-16",6,3.393,0.8225,FALSE,TRUE
"catch",32,"2024-10-17",1,6.429,0.1299,FALSE,TRUE
"catch",32,"2024-10-17",3,3.214,0.5825,TRUE,TRUE
"catch",32,"2024-10-17",4,1.929,0.8544,FALSE,TRUE
"catch",32,"2024-10-17",4,0.804,0.9786,FALSE,FALSE
"catch",32,"2024-10-17",1,1.446,0.4968,TRUE,TRUE
"catch",32,"2024-10-17",6,4.5,0.7249,TRUE,TRUE
"catch",32,"2024-10-17",7,9.643,0.4752,TRUE,TRUE
"catch",32,"2024-10-17",0,7.071,0.0355,FALSE,TRUE
"catch",32,"2024-10-17",2,3.214,0.4409,TRUE,TRUE
"catch",32,"2024-10-17",8,12.857,0.4119,TRUE,TRUE
"catch",32,"2024-10-17",5,7.071,0.4685,TRUE,TRUE
"catch",32,"2024-10-17",3,4.5,0.4549,TRUE,TRUE
"catch",32,"2024-10-17",1,1.929,0.4109,TRUE,TRUE
"catch",32,"2024-10-17",4,11.25,0.2407,FALSE,TRUE
"catch",32,"2024-10-17",0,3.857,0.073,FALSE,TRUE
"catch",32,"2024-10-17",6,5.143,0.6727,TRUE,TRUE
"catch",32,"2024-10-17",0,1.607,0.1672,FALSE,TRUE
"catch",32,"2024-10-17",10,3.214,0.9578,FALSE,TRUE
"catch",32,"2024-10-17",1,2.571,0.3284,TRUE,TRUE
"catch",32,"2024-10-17",5,2.571,0.8451,FALSE,TRUE
"catch",32,"2024-10-17",2,1.286,0.7483,TRUE,TRUE
"catch",32,"2024-10-17",0,2.571,0.1109,FALSE,TRUE
"catch",32,"2024-10-17",1,3.857,0.2263,FALSE,TRUE
"catch",32,"2024-10-17",7,5.786,0.6886,TRUE,TRUE
"catch",32,"2024-10-17",6,5.143,0.6727,TRUE,TRUE
"catch",32,"2024-10-17",0,0.964,0.2372,FALSE,TRUE
"catch",32,"2024-10-17",1,1.286,0.5318,TRUE,TRUE
"catch",32,"2024-10-17",8,1.929,0.981,FALSE,FALSE
"catch",33,"2024-10-18",3,5.437,0.3882,TRUE,TRUE
"catch",33,"2024-10-18",3,1.903,0.767,FALSE,TRUE
"catch",33,"2024-10-18",0,0.272,0.3896,TRUE,TRUE
"catch",33,"2024-10-18",2,6.796,0.2186,FALSE,TRUE
"catch",33,"2024-10-18",0,1.812,0.1523,FALSE,TRUE
"catch",33,"2024-10-18",1,1.359,0.5161,TRUE,TRUE
"catch",33,"2024-10-18",4,1.133,0.9497,FALSE,TRUE
"catch",33,"2024-10-18",3,4.531,0.4538,TRUE,TRUE
"catch",33,"2024-10-18",0,3.398,0.0842,FALSE,TRUE
"catch",33,"2024-10-18",0,0.453,0.3367,TRUE,TRUE
"catch",33,"2024-10-18",4,2.719,0.7529,FALSE,TRUE
"catch",33,"2024-10-18",3,3.625,0.5379,TRUE,TRUE
"catch",33,"2024-10-18",1,0.68,0.7049,TRUE,TRUE
"catch",33,"2024-10-18",0,3.625,0.0786,FALSE,TRUE
"catch",33,"2024-10-18",1,1.359,0.5161,TRUE,TRUE
"catch",33,"2024-10-18",9,7.929,0.6649,TRUE,TRUE
"catch",33,"2024-10-18",1,1.812,0.4303,TRUE,TRUE
"catch",33,"2024-10-18",9,9.062,0.6082,TRUE,TRUE
"catch",33,"2024-10-18",0,2.039,0.1378,FALSE,TRUE
"catch",33,"2024-10-18",0,1.812,0.1523,FALSE,TRUE
"catch",33,"2024-10-18",0,0.906,0.2463,FALSE,TRUE
"catch",33,"2024-10-18",5,1.586,0.943,FALSE,TRUE
"catch",33,"2024-10-18",9,10.874,0.5299,TRUE,TRUE
"catch",33,"2024-10-18",4,3.625,0.6484,TRUE,TRUE
"catch",33,"2024-10-18",4,0.906,0.9705,FALSE,TRUE
"catch",34,"2024-10-19",0,0.831,0.2581,TRUE,TRUE
"catch",34,"2024-10-19",5,4.988,0.6109,TRUE,TRUE
"catch",34,"2024-10-19",5,1.247,0.9692,FALSE,TRUE
"catch",34,"2024-10-19",0,1.455,0.1806,FALSE,TRUE
"catch",34,"2024-10-19",1,1.663,0.4555,TRUE,TRUE
"catch",34,"2024-10-19",2,6.235,0.239,FALSE,TRUE
"catch",34,"2024-10-19",4,3.741,0.6358,TRUE,TRUE
"catch",34,"2024-10-19",8,4.157,0.8544,FALSE,TRUE
"catch",34,"2024-10-19",2,3.325,0.4298,TRUE,TRUE
"catch",34,"2024-10-19",0,0.624,0.2969,TRUE,TRUE
"catch",34,"2024-10-19",6,3.741,0.7912,FALSE,TRUE
"catch",34,"2024-10-19",4,4.988,0.522,TRUE,TRUE
"catch",34,"2024-10-19",0,0.416,0.3465,TRUE,TRUE
"catch",34,"2024-10-19",1,1.871,0.4204,TRUE,TRUE
"catch",34,"2024-10-19",1,0.831,0.6545,TRUE,TRUE
"catch",34,"2024-10-19",1,1.663,0.4555,TRUE,TRUE
"catch",34,"2024-10-19",5,3.741,0.7233,TRUE,TRUE
"catch",34,"2024-10-19",2,1.663,0.6698,TRUE,TRUE
"catch",34,"2024-10-19",0,0.831,0.2581,TRUE,TRUE
"catch",34,"2024-10-19",6,5.404,0.6532,TRUE,TRUE
"catch",34,"2024-10-19",3,2.91,0.6205,TRUE,TRUE
"catch",34,"2024-10-19",0,1.663,0.163,FALSE,TRUE
"catch",34,"2024-10-19",2,5.404,0.277,TRUE,TRUE
"catch",34,"2024-10-19",4,2.494,0.7811,FALSE,TRUE
"catch",34,"2024-10-19",2,2.494,0.5306,TRUE,TRUE
"catch",34,"2024-10-19",2,3.118,0.4521,TRUE,TRUE
"catch",34,"2024-10-19",2,1.663,0.6698,TRUE,TRUE
"catch",34,"2024-10-19",1,4.157,0.2103,FALSE,TRUE
"catch",34,"2024-10-19",2,3.741,0.39,TRUE,TRUE
"catch",34,"2024-10-19",0,1.871,0.148,FALSE,TRUE
"catch",36,"2024-10-21",0,1.587,0.1705,FALSE,TRUE
"catch",36,"2024-10-21",0,1.27,0.2004,FALSE,TRUE
"catch",36,"2024-10-21",0,3.175,0.0915,FALSE,TRUE
"catch",36,"2024-10-21",8,2.117,0.9729,FALSE,TRUE
"catch",36,"2024-10-21",0,1.058,0.2256,FALSE,TRUE
"catch",36,"2024-10-21",0,1.323,0.1949,FALSE,TRUE
"catch",36,"2024-10-21",4,5.556,0.4835,TRUE,TRUE
"catch",36,"2024-10-21",3,1.905,0.7673,FALSE,TRUE
"catch",36,"2024-10-21",0,3.175,0.0915,FALSE,TRUE
"catch",36,"2024-10-21",9,12.699,0.4684,TRUE,TRUE
"catch",36,"2024-10-21",0,2.646,0.1096,FALSE,TRUE
"catch",36,"2024-10-21",0,1.429,0.1844,FALSE,TRUE
"catch",36,"2024-10-21",1,3.175,0.2766,TRUE,TRUE
"catch",36,"2024-10-21",1,2.646,0.3243,TRUE,TRUE
"catch",36,"2024-10-21",6,3.969,0.7717,FALSE,TRUE
"catch",37,"2024-10-22",1,2.52,0.3366,TRUE,TRUE
"catch",37,"2024-10-22",0,8.959,0.0267,FALSE,TRUE
"catch",37,"2024-10-22",4,4.48,0.5668,TRUE,TRUE
"catch",37,"2024-10-22",0,1.4,0.1867,FALSE,TRUE
"catch",37,"2024-10-22",17,20.158,0.5378,TRUE,TRUE
"catch",37,"2024-10-22",0,2.52,0.1143,FALSE,TRUE
"catch",37,"2024-10-22",7,3.36,0.8725,FALSE,TRUE
"catch",37,"2024-10-22",0,2.8,0.1032,FALSE,TRUE
"catch",37,"2024-10-22",12,5.6,0.8904,FALSE,TRUE
"catch",37,"2024-10-22",1,0.84,0.6526,TRUE,TRUE
"catch",37,"2024-10-22",1,2.24,0.3697,TRUE,TRUE
"catch",37,"2024-10-22",4,6.719,0.4101,TRUE,TRUE
"catch",37,"2024-10-22",1,2.24,0.3697,TRUE,TRUE
"catch",37,"2024-10-22",0,0.84,0.2573,TRUE,TRUE
"catch",37,"2024-10-22",3,2.52,0.6743,TRUE,TRUE
"catch",38,"2024-10-23",0,2.386,0.1199,FALSE,TRUE
"catch",38,"2024-10-23",12,6.818,0.8342,FALSE,TRUE
"catch",38,"2024-10-23",2,0.682,0.8896,FALSE,TRUE
"catch",38,"2024-10-23",0,0.682,0.2854,TRUE,TRUE
"catch",38,"2024-10-23",3,2.046,0.7446,TRUE,TRUE
"catch",38,"2024-10-23",7,13.637,0.345,TRUE,TRUE
"catch",38,"2024-10-23",17,17.728,0.5936,TRUE,TRUE
"catch",38,"2024-10-23",5,4.5,0.6531,TRUE,TRUE
"catch",38,"2024-10-23",6,2.727,0.882,FALSE,TRUE
"catch",38,"2024-10-23",1,1.364,0.5156,TRUE,TRUE
"catch",38,"2024-10-23",7,8.864,0.5124,TRUE,TRUE
"catch",38,"2024-10-23",3,2.727,0.6452,TRUE,TRUE
"catch",39,"2024-10-24",4,1.909,0.8568,FALSE,TRUE
"catch",39,"2024-10-24",0,0.347,0.3663,TRUE,TRUE
"catch",39,"2024-10-24",1,0.521,0.7638,FALSE,TRUE
"catch",39,"2024-10-24",2,2.603,0.5173,TRUE,TRUE
"catch",39,"2024-10-24",12,22.908,0.3465,TRUE,TRUE
"catch",39,"2024-10-24",5,10.413,0.3294,TRUE,TRUE
"catch",39,"2024-10-24",4,2.777,0.7462,TRUE,TRUE
"catch",39,"2024-10-24",8,7.636,0.6319,TRUE,TRUE
"catch",39,"2024-10-24",3,4.165,0.4867,TRUE,TRUE
"catch",39,"2024-10-24",4,6.248,0.437,TRUE,TRUE
"catch",40,"2024-10-25",6,1.202,0.9858,FALSE,FALSE
"catch",40,"2024-10-25",0,0.901,0.248,FALSE,TRUE
"catch",40,"2024-10-25",1,0.601,0.7339,TRUE,TRUE
"catch",40,"2024-10-25",10,6.008,0.8137,FALSE,TRUE
"catch",40,"2024-10-25",1,3.004,0.2906,TRUE,TRUE
"catch",40,"2024-10-25",6,3.605,0.8041,FALSE,TRUE
"catch",41,"2024-10-26",6,4.374,0.7363,TRUE,TRUE
"catch",41,"2024-10-26",4,2.461,0.7856,FALSE,TRUE
"catch",41,"2024-10-26",0,2.187,0.1298,FALSE,TRUE
"catch",41,"2024-10-26",4,4.374,0.5755,TRUE,TRUE
"catch",41,"2024-10-26",2,5.331,0.2824,TRUE,TRUE
"catch",41,"2024-10-26",3,0.547,0.9755,FALSE,FALSE
"catch",41,"2024-10-26",1,2.187,0.3758,TRUE,TRUE
"catch",41,"2024-10-26",1,2.324,0.3585,TRUE,TRUE
"catch",41,"2024-10-26",0,2.734,0.1053,FALSE,TRUE
"catch",41,"2024-10-26",0,0.547,0.3141,TRUE,TRUE
"catch",41,"2024-10-26",8,15.31,0.3494,TRUE,TRUE
"catch",41,"2024-10-26",7,2.187,0.9537,FALSE,TRUE
"catch",41,"2024-10-26",3,1.504,0.833,FALSE,TRUE
"catch",41,"2024-10-26",8,8.749,0.5737,TRUE,TRUE
"catch",41,"2024-10-26",2,4.374,0.3411,TRUE,TRUE
"catch",42,"2024-10-27",11,5.72,0.8598,FALSE,TRUE
"catch",42,"2024-10-27",0,2.996,0.0966,FALSE,TRUE
"catch",42,"2024-10-27",5,11.439,0.2995,TRUE,TRUE
"catch",42,"2024-10-27",2,0.272,0.9751,FALSE,FALSE
"catch",42,"2024-10-27",5,1.634,0.9383,FALSE,TRUE
"catch",42,"2024-10-27",1,2.724,0.3156,TRUE,TRUE
"catch",42,"2024-10-27",0,0.272,0.3896,TRUE,TRUE
"catch",42,"2024-10-27",2,1.634,0.6766,TRUE,TRUE
"catch",42,"2024-10-27",0,0.409,0.3489,TRUE,TRUE
"catch",42,"2024-10-27",1,5.72,0.151,FALSE,TRUE
"catch",45,"2024-10-30",6,1.964,0.9429,FALSE,TRUE
"catch",45,"2024-10-30",2,2.357,0.554,TRUE,TRUE
"catch",45,"2024-10-30",16,16.497,0.6017,TRUE,TRUE
"catch",45,"2024-10-30",4,3.535,0.6604,TRUE,TRUE
"catch",46,"2024-10-31",15,13.482,0.6621,TRUE,TRUE
"catch",46,"2024-10-31",10,14.605,0.4559,TRUE,TRUE
"catch",47,"2024-11-01",0,1.223,0.2048,FALSE,TRUE
"catch",47,"2024-11-01",1,1.223,0.5476,TRUE,TRUE
"catch",47,"2024-11-01",3,6.418,0.3327,TRUE,TRUE
"catch",47,"2024-11-01",5,12.837,0.2627,TRUE,TRUE
"catch",47,"2024-11-01",2,1.223,0.7628,FALSE,TRUE
"catch",47,"2024-11-01",6,12.47,0.325,TRUE,TRUE
"catch",47,"2024-11-01",2,2.445,0.5384,TRUE,TRUE
"catch",47,"2024-11-01",1,1.834,0.4271,TRUE,TRUE
"catch",47,"2024-11-01",5,5.501,0.5719,TRUE,TRUE
"catch",47,"2024-11-01",6,1.528,0.9714,FALSE,TRUE
"catch",47,"2024-11-01",2,1.223,0.7628,FALSE,TRUE
"catch",47,"2024-11-01",3,1.223,0.8799,FALSE,TRUE
"catch",47,"2024-11-01",12,4.89,0.9215,FALSE,TRUE
"catch",47,"2024-11-01",3,0.917,0.9283,FALSE,TRUE
"catch",47,"2024-11-01",0,2.445,0.1171,FALSE,TRUE
"catch",47,"2024-11-01",6,2.139,0.9308,FALSE,TRUE
"catch",48,"2024-11-02",6,2.007,0.9412,FALSE,TRUE
"catch",48,"2024-11-02",7,14.052,0.332,TRUE,TRUE
"catch",48,"2024-11-02",7,1.756,0.9761,FALSE,FALSE
"catch",48,"2024-11-02",1,4.015,0.2174,FALSE,TRUE
"catch",48,"2024-11-02",2,1.004,0.813,FALSE,TRUE
"catch",48,"2024-11-02",5,3.513,0.7458,TRUE,TRUE
"catch",48,"2024-11-02",1,0.502,0.7707,FALSE,TRUE
"catch",48,"2024-11-02",3,4.517,0.4536,TRUE,TRUE
"catch",48,"2024-11-02",5,17.565,0.1812,FALSE,TRUE
"catch",48,"2024-11-02",0,2.007,0.1391,FALSE,TRUE
"catch",48,"2024-11-02",0,2.007,0.1391,FALSE,TRUE
"catch",48,"2024-11-02",1,4.015,0.2174,FALSE,TRUE
"catch",48,"2024-11-02",1,6.022,0.1402,FALSE,TRUE
"catch",48,"2024-11-02",2,6.022,0.2473,FALSE,TRUE
"catch",48,"2024-11-02",8,6.022,0.7271,TRUE,TRUE
"catch",48,"2024-11-02",1,10.037,0.0752,FALSE,TRUE
"catch",48,"2024-11-02",0,3.011,0.0949,FALSE,TRUE
"catch",48,"2024-11-02",5,4.015,0.6964,TRUE,TRUE
"catch",48,"2024-11-02",0,2.007,0.1391,FALSE,TRUE
"catch",48,"2024-11-02",4,3.011,0.7169,TRUE,TRUE
"catch",48,"2024-11-02",1,3.513,0.248,FALSE,TRUE
"catch",48,"2024-11-02",0,0.502,0.3243,TRUE,TRUE
"catch",48,"2024-11-02",0,1.004,0.2316,FALSE,TRUE
"catch",48,"2024-11-02",0,1.506,0.1758,FALSE,TRUE
"catch",48,"2024-11-02",2,1.004,0.813,FALSE,TRUE
"catch",48,"2024-11-02",5,2.007,0.9039,FALSE,TRUE
"catch",48,"2024-11-02",5,2.509,0.8517,FALSE,TRUE
"catch",48,"2024-11-02",6,2.258,0.922,FALSE,TRUE
"catch",48,"2024-11-02",5,3.513,0.7458,TRUE,TRUE
"catch",48,"2024-11-02",2,1.756,0.6515,TRUE,TRUE
"catch",48,"2024-11-02",5,10.037,0.3383,TRUE,TRUE
"catch",48,"2024-11-02",0,1.004,0.2316,FALSE,TRUE
"catch",48,"2024-11-02",0,2.007,0.1391,FALSE,TRUE
"catch",48,"2024-11-02",9,9.033,0.6083,TRUE,TRUE
"catch",48,"2024-11-02",1,0.502,0.7707,FALSE,TRUE
"catch",48,"2024-11-02",3,3.011,0.6071,TRUE,TRUE
"catch",48,"2024-11-02",5,2.509,0.8517,FALSE,TRUE
"catch",48,"2024-11-02",0,2.007,0.1391,FALSE,TRUE
"catch",48,"2024-11-02",2,1.255,0.7552,FALSE,TRUE
"catch",51,"2024-11-05",0,2.842,0.102,FALSE,TRUE
"catch",51,"2024-11-05",1,2.487,0.3408,TRUE,TRUE
"catch",51,"2024-11-05",8,3.552,0.8946,FALSE,TRUE
"catch",51,"2024-11-05",3,5.328,0.3978,TRUE,TRUE
"catch",51,"2024-11-05",6,2.131,0.9309,FALSE,TRUE
"catch",51,"2024-11-05",0,2.842,0.102,FALSE,TRUE
"catch",51,"2024-11-05",4,2.131,0.8281,FALSE,TRUE
"catch",52,"2024-11-06",2,5.863,0.2585,TRUE,TRUE
"catch",52,"2024-11-06",1,3.257,0.2699,TRUE,TRUE
"catch",52,"2024-11-06",1,1.303,0.5303,TRUE,TRUE
"catch",52,"2024-11-06",1,1.954,0.4101,TRUE,TRUE
"catch",52,"2024-11-06",3,4.235,0.4818,TRUE,TRUE
"catch",52,"2024-11-06",5,2.28,0.8753,FALSE,TRUE
"catch",52,"2024-11-06",2,1.954,0.6178,TRUE,TRUE
"catch",52,"2024-11-06",0,3.257,0.089,FALSE,TRUE
"catch",52,"2024-11-06",5,3.257,0.773,FALSE,TRUE
"catch",52,"2024-11-06",0,2.606,0.1111,FALSE,TRUE
"catch",53,"2024-11-07",2,2.077,0.5962,TRUE,TRUE
"catch",53,"2024-11-07",5,2.077,0.8964,FALSE,TRUE
"catch",53,"2024-11-07",0,2.077,0.1362,FALSE,TRUE
"catch",53,"2024-11-07",1,9,0.0879,FALSE,TRUE
"catch",53,"2024-11-07",3,2.077,0.7398,TRUE,TRUE
"catch",53,"2024-11-07",6,2.769,0.8782,FALSE,TRUE
"catch",53,"2024-11-07",1,1.385,0.5116,TRUE,TRUE
"catch",53,"2024-11-07",10,16.616,0.4002,TRUE,TRUE
"catch",53,"2024-11-07",0,1.038,0.2278,FALSE,TRUE
"catch",53,"2024-11-07",2,4.846,0.3108,TRUE,TRUE
"catch",53,"2024-11-07",5,9,0.3802,TRUE,TRUE
"catch",54,"2024-11-08",0,0.335,0.3698,TRUE,TRUE
"catch",54,"2024-11-08",3,4.017,0.4988,TRUE,TRUE
"catch",54,"2024-11-08",0,1.004,0.232,FALSE,TRUE
"catch",54,"2024-11-08",2,6.695,0.2222,FALSE,TRUE
"catch",54,"2024-11-08",6,2.678,0.8864,FALSE,TRUE
"catch",54,"2024-11-08",2,1.473,0.7084,TRUE,TRUE
"catch",54,"2024-11-08",12,3.348,0.9749,FALSE,TRUE
"catch",54,"2024-11-08",2,3.348,0.4281,TRUE,TRUE
"catch",54,"2024-11-08",0,1.339,0.1921,FALSE,TRUE
"catch",54,"2024-11-08",1,0.67,0.7084,TRUE,TRUE
"catch",54,"2024-11-08",2,1.339,0.7369,TRUE,TRUE
"catch",54,"2024-11-08",4,2.009,0.844,FALSE,TRUE
"catch",54,"2024-11-08",0,0.803,0.263,TRUE,TRUE
"catch",54,"2024-11-08",8,5.356,0.7717,FALSE,TRUE
"catch",54,"2024-11-08",0,1.004,0.232,FALSE,TRUE
"catch",54,"2024-11-08",6,1.54,0.9709,FALSE,TRUE
"catch",54,"2024-11-08",6,2.544,0.898,FALSE,TRUE
"catch",54,"2024-11-08",12,4.285,0.9453,FALSE,TRUE
"catch",54,"2024-11-08",2,2.678,0.5059,TRUE,TRUE
"catch",54,"2024-11-08",0,1.004,0.232,FALSE,TRUE
"catch",54,"2024-11-08",5,2.946,0.8051,FALSE,TRUE
"catch",54,"2024-11-08",5,7.03,0.4723,TRUE,TRUE
"catch",54,"2024-11-08",3,4.687,0.4413,TRUE,TRUE
"catch",55,"2024-11-09",12,3.258,0.9773,FALSE,FALSE
"catch",55,"2024-11-09",1,6.981,0.1184,FALSE,TRUE
"catch",55,"2024-11-09",7,16.872,0.2737,TRUE,TRUE
"catch",55,"2024-11-09",3,4.654,0.4432,TRUE,TRUE
"catch",55,"2024-11-09",0,1.164,0.2113,FALSE,TRUE
"catch",55,"2024-11-09",3,4.654,0.4432,TRUE,TRUE
"catch",55,"2024-11-09",9,2.327,0.9776,FALSE,FALSE
"catch",55,"2024-11-09",8,10.472,0.496,TRUE,TRUE
"catch",55,"2024-11-09",1,5.236,0.1647,FALSE,TRUE
"catch",55,"2024-11-09",6,1.745,0.9589,FALSE,TRUE
"catch",55,"2024-11-09",11,5.236,0.8845,FALSE,TRUE
"catch",55,"2024-11-09",1,2.327,0.357,TRUE,TRUE
"catch",55,"2024-11-09",1,2.909,0.2959,TRUE,TRUE
"catch",55,"2024-11-09",10,13.963,0.4673,TRUE,TRUE
"catch",55,"2024-11-09",0,6.981,0.0363,FALSE,TRUE
"catch",55,"2024-11-09",18,7.854,0.9127,FALSE,TRUE
"catch",55,"2024-11-09",1,2.909,0.2959,TRUE,TRUE
"catch",55,"2024-11-09",4,2.909,0.7294,TRUE,TRUE
"catch",55,"2024-11-09",0,0.582,0.3059,TRUE,TRUE
"catch",55,"2024-11-09",3,4.363,0.4672,TRUE,TRUE
"catch",55,"2024-11-09",0,1.745,0.1568,FALSE,TRUE
"catch",55,"2024-11-09",3,5.236,0.4007,TRUE,TRUE
"catch",55,"2024-11-09",2,0.873,0.8442,FALSE,TRUE
"catch",55,"2024-11-09",3,4.654,0.4432,TRUE,TRUE
"catch",59,"2024-11-13",0,1.18,0.2101,FALSE,TRUE
"catch",59,"2024-11-13",4,3.934,0.6179,TRUE,TRUE
"catch",59,"2024-11-13",5,3.541,0.7441,TRUE,TRUE
"catch",59,"2024-11-13",5,3.147,0.7844,FALSE,TRUE
"catch",59,"2024-11-13",3,3.147,0.5928,TRUE,TRUE
"catch",59,"2024-11-13",1,3.147,0.2776,TRUE,TRUE
"catch",59,"2024-11-13",2,2.951,0.4735,TRUE,TRUE
"catch",59,"2024-11-13",1,0.787,0.6695,TRUE,TRUE
"catch",59,"2024-11-13",12,2.36,0.9932,FALSE,FALSE
"catch",60,"2024-11-14",0,1.327,0.1934,FALSE,TRUE
"catch",60,"2024-11-14",6,1.659,0.9641,FALSE,TRUE
"catch",60,"2024-11-14",3,3.981,0.5023,TRUE,TRUE
"catch",60,"2024-11-14",1,0.995,0.6062,TRUE,TRUE
"catch",60,"2024-11-14",2,4.38,0.34,TRUE,TRUE
"catch",60,"2024-11-14",0,1.991,0.1407,FALSE,TRUE
"catch",60,"2024-11-14",1,2.654,0.321,TRUE,TRUE
"catch",60,"2024-11-14",2,0.995,0.8151,FALSE,TRUE
"catch",60,"2024-11-14",13,10.949,0.6858,TRUE,TRUE
"catch",60,"2024-11-14",4,3.981,0.612,TRUE,TRUE
"catch",60,"2024-11-14",0,0.995,0.2333,FALSE,TRUE
"catch",60,"2024-11-14",7,5.574,0.7043,TRUE,TRUE
"catch",60,"2024-11-14",8,5.308,0.775,FALSE,TRUE
"catch",60,"2024-11-14",2,2.19,0.577,TRUE,TRUE
"catch",60,"2024-11-14",1,1.327,0.5233,TRUE,TRUE
"catch",60,"2024-11-14",0,1.991,0.1407,FALSE,TRUE
"catch",60,"2024-11-14",1,2.787,0.3078,TRUE,TRUE
"catch",61,"2024-11-15",0,1.763,0.1557,FALSE,TRUE
"catch",61,"2024-11-15",0,6.61,0.039,FALSE,TRUE
"catch",61,"2024-11-15",0,0.881,0.2502,TRUE,TRUE
"catch",61,"2024-11-15",2,2.203,0.5746,TRUE,TRUE
"catch",61,"2024-11-15",3,2.644,0.656,TRUE,TRUE
"catch",61,"2024-11-15",0,1.322,0.1938,FALSE,TRUE
"catch",61,"2024-11-15",0,0.441,0.34,TRUE,TRUE
"catch",61,"2024-11-15",13,9.254,0.7543,FALSE,TRUE
"catch",61,"2024-11-15",2,1.763,0.6509,TRUE,TRUE
"catch",61,"2024-11-15",12,3.525,0.9701,FALSE,TRUE
"catch",61,"2024-11-15",1,2.203,0.373,TRUE,TRUE
"catch",61,"2024-11-15",4,1.983,0.8472,FALSE,TRUE
"catch",61,"2024-11-15",0,2.644,0.1085,FALSE,TRUE
"catch",61,"2024-11-15",0,2.203,0.1286,FALSE,TRUE
"catch",61,"2024-11-15",1,1.322,0.5243,TRUE,TRUE
"catch",61,"2024-11-15",0,0.881,0.2502,TRUE,TRUE
"catch",61,"2024-11-15",3,2.203,0.7198,TRUE,TRUE
"catch",61,"2024-11-15",3,1.542,0.8265,FALSE,TRUE
"catch",61,"2024-11-15",0,0.441,0.34,TRUE,TRUE
"catch",61,"2024-11-15",3,3.525,0.5483,TRUE,TRUE
"catch",61,"2024-11-15",9,7.932,0.6646,TRUE,TRUE
"catch",61,"2024-11-15",0,4.407,0.0633,FALSE,TRUE
"catch",61,"2024-11-15",1,1.763,0.4385,TRUE,TRUE
"catch",61,"2024-11-15",0,1.102,0.219,FALSE,TRUE
"catch",61,"2024-11-15",3,1.983,0.7542,FALSE,TRUE
"catch",61,"2024-11-15",0,0.881,0.2502,TRUE,TRUE
"catch",61,"2024-11-15",0,1.542,0.1731,FALSE,TRUE
"catch",62,"2024-11-16",1,1.515,0.483,TRUE,TRUE
"catch",62,"2024-11-16",4,1.263,0.9363,FALSE,TRUE
"catch",62,"2024-11-16",1,5.808,0.1462,FALSE,TRUE
"catch",62,"2024-11-16",5,5.556,0.5665,TRUE,TRUE
"catch",62,"2024-11-16",0,3.788,0.0745,FALSE,TRUE
"catch",62,"2024-11-16",0,2.02,0.1384,FALSE,TRUE
"catch",62,"2024-11-16",8,10.607,0.49,TRUE,TRUE
"catch",62,"2024-11-16",5,2.02,0.9026,FALSE,TRUE
"catch",62,"2024-11-16",8,3.031,0.9282,FALSE,TRUE
"catch",62,"2024-11-16",1,2.525,0.3336,TRUE,TRUE
"catch",62,"2024-11-16",0,2.02,0.1384,FALSE,TRUE
"catch",62,"2024-11-16",0,2.778,0.103,FALSE,TRUE
"catch",62,"2024-11-16",1,8.081,0.0988,FALSE,TRUE
"catch",62,"2024-11-16",0,0.379,0.3567,TRUE,TRUE
"catch",62,"2024-11-16",0,1.515,0.175,FALSE,TRUE
"catch",62,"2024-11-16",1,2.02,0.3973,TRUE,TRUE
"catch",62,"2024-11-16",4,3.031,0.7147,TRUE,TRUE
"catch",62,"2024-11-16",0,0.631,0.2952,TRUE,TRUE
"catch",62,"2024-11-16",7,3.031,0.8979,FALSE,TRUE
"catch",62,"2024-11-16",0,3.031,0.0943,FALSE,TRUE
"catch",62,"2024-11-16",0,0.758,0.2707,TRUE,TRUE
"catch",62,"2024-11-16",5,0.758,0.9932,FALSE,FALSE
"catch",62,"2024-11-16",0,1.515,0.175,FALSE,TRUE
"catch",62,"2024-11-16",0,0.505,0.3236,TRUE,TRUE
"catch",62,"2024-11-16",3,1.136,0.8942,FALSE,TRUE
"catch",62,"2024-11-16",3,3.031,0.6049,TRUE,TRUE
"catch",62,"2024-11-16",6,3.031,0.8553,FALSE,TRUE
"catch",62,"2024-11-16",6,1.01,0.9926,FALSE,FALSE
"catch",62,"2024-11-16",0,1.01,0.2308,FALSE,TRUE
"catch",62,"2024-11-16",2,4.798,0.3109,TRUE,TRUE
"catch",62,"2024-11-16",2,2.02,0.6041,TRUE,TRUE
"catch",62,"2024-11-16",11,5.682,0.8622,FALSE,TRUE
"catch",62,"2024-11-16",0,0.253,0.396,TRUE,TRUE
"catch",62,"2024-11-16",0,4.546,0.0607,FALSE,TRUE
"catch",65,"2024-11-19",5,2.941,0.806,FALSE,TRUE
"catch",65,"2024-11-19",0,2.302,0.1252,FALSE,TRUE
"catch",65,"2024-11-19",0,0.511,0.3229,TRUE,TRUE
"catch",65,"2024-11-19",0,1.279,0.1999,FALSE,TRUE
"catch",65,"2024-11-19",1,0.959,0.6181,TRUE,TRUE
"catch",65,"2024-11-19",0,0.767,0.2704,TRUE,TRUE
"catch",65,"2024-11-19",1,0.639,0.7201,TRUE,TRUE
"catch",65,"2024-11-19",0,1.534,0.1753,FALSE,TRUE
"catch",67,"2024-11-21",10,6.545,0.7837,FALSE,TRUE
"catch",67,"2024-11-21",0,1.091,0.2212,FALSE,TRUE
"catch",67,"2024-11-21",1,2.182,0.3778,TRUE,TRUE
"catch",67,"2024-11-21",9,8.727,0.6263,TRUE,TRUE
"catch",67,"2024-11-21",7,6.545,0.6408,TRUE,TRUE
"catch",68,"2024-11-22",1,1.208,0.5528,TRUE,TRUE
"catch",68,"2024-11-22",6,5.437,0.6537,TRUE,TRUE
"catch",68,"2024-11-22",5,2.416,0.8612,FALSE,TRUE
"catch",68,"2024-11-22",3,1.208,0.882,FALSE,TRUE
"catch",69,"2024-11-23",6,1.233,0.985,FALSE,FALSE
"catch",69,"2024-11-23",3,3.084,0.6001,TRUE,TRUE
"catch",69,"2024-11-23",1,2.467,0.3422,TRUE,TRUE
"catch",69,"2024-11-23",2,2.467,0.5361,TRUE,TRUE
"catch",69,"2024-11-23",5,6.476,0.5067,TRUE,TRUE
"catch",69,"2024-11-23",2,1.85,0.6355,TRUE,TRUE
"catch",69,"2024-11-23",18,9.251,0.8698,FALSE,TRUE
"catch",69,"2024-11-23",2,3.7,0.3957,TRUE,TRUE
"catch",69,"2024-11-23",7,5.242,0.7286,TRUE,TRUE
"catch",69,"2024-11-23",0,1.233,0.2039,FALSE,TRUE
"catch",69,"2024-11-23",1,1.233,0.5456,TRUE,TRUE
"catch",69,"2024-11-23",6,3.084,0.8503,FALSE,TRUE
"catch",69,"2024-11-23",0,1.85,0.1502,FALSE,TRUE
"catch",69,"2024-11-23",2,0.463,0.9391,FALSE,TRUE
"catch",69,"2024-11-23",3,4.934,0.4241,TRUE,TRUE
"catch",69,"2024-11-23",0,0.463,0.3345,TRUE,TRUE
"catch",72,"2024-11-26",11,3.447,0.961,FALSE,TRUE
"catch",72,"2024-11-26",12,4.596,0.9326,FALSE,TRUE
"catch",72,"2024-11-26",0,4.309,0.0657,FALSE,TRUE
"catch",72,"2024-11-26",1,1.436,0.5013,TRUE,TRUE
"catch",72,"2024-11-26",18,7.182,0.9303,FALSE,TRUE
"catch",72,"2024-11-26",7,5.745,0.6935,TRUE,TRUE
"catch",72,"2024-11-26",5,2.681,0.8333,FALSE,TRUE
"catch",72,"2024-11-26",3,6.511,0.3304,TRUE,TRUE
"catch",72,"2024-11-26",6,1.915,0.9467,FALSE,TRUE
"catch",72,"2024-11-26",6,5.458,0.6511,TRUE,TRUE
"catch",72,"2024-11-26",0,0.766,0.2702,TRUE,TRUE
"catch",73,"2024-11-27",0,0.768,0.2699,TRUE,TRUE
"catch",73,"2024-11-27",2,11.513,0.1194,FALSE,TRUE
"catch",73,"2024-11-27",1,3.454,0.2552,TRUE,TRUE
"catch",73,"2024-11-27",3,1.919,0.765,FALSE,TRUE
"catch",73,"2024-11-27",24,9.21,0.9401,FALSE,TRUE
"catch",73,"2024-11-27",3,4.605,0.4503,TRUE,TRUE
"catch",73,"2024-11-27",6,7.675,0.5112,TRUE,TRUE
"catch",73,"2024-11-27",6,3.07,0.8515,FALSE,TRUE
"catch",73,"2024-11-27",10,12.664,0.512,TRUE,TRUE
"catch",73,"2024-11-27",5,7.675,0.4407,TRUE,TRUE
"catch",73,"2024-11-27",4,6.14,0.4445,TRUE,TRUE
"catch",75,"2024-11-29",8,2.112,0.9745,FALSE,TRUE
"catch",75,"2024-11-29",0,7.92,0.0307,FALSE,TRUE
"catch",75,"2024-11-29",2,1.056,0.8007,FALSE,TRUE
"catch",75,"2024-11-29",3,1.584,0.8195,FALSE,TRUE
"catch",75,"2024-11-29",0,3.96,0.0708,FALSE,TRUE
"catch",75,"2024-11-29",0,4.752,0.0576,FALSE,TRUE
"catch",75,"2024-11-29",7,7.92,0.5571,TRUE,TRUE
"catch",75,"2024-11-29",6,5.28,0.6618,TRUE,TRUE
"catch",75,"2024-11-29",0,2.64,0.108,FALSE,TRUE
"catch",75,"2024-11-29",0,0.528,0.318,TRUE,TRUE
"catch",75,"2024-11-29",0,0.528,0.318,TRUE,TRUE
"catch",75,"2024-11-29",8,4.752,0.813,FALSE,TRUE
"catch",75,"2024-11-29",2,1.056,0.8007,FALSE,TRUE
"catch",75,"2024-11-29",1,3.96,0.2201,FALSE,TRUE
"catch",75,"2024-11-29",3,1.056,0.9071,FALSE,TRUE
"catch",75,"2024-11-29",6,1.584,0.9689,FALSE,TRUE
"catch",75,"2024-11-29",4,8.448,0.3261,TRUE,TRUE
"catch",75,"2024-11-29",1,2.112,0.3839,TRUE,TRUE
"catch",75,"2024-11-29",0,1.056,0.2244,FALSE,TRUE
"catch",75,"2024-11-29",5,2.376,0.8659,FALSE,TRUE
"catch",75,"2024-11-29",3,1.32,0.8639,FALSE,TRUE
"catch",75,"2024-11-29",0,3.168,0.09,FALSE,TRUE
"catch",75,"2024-11-29",6,1.584,0.9689,FALSE,TRUE
"catch",75,"2024-11-29",3,2.112,0.7334,TRUE,TRUE
"catch",75,"2024-11-29",16,19.008,0.5331,TRUE,TRUE
"catch",75,"2024-11-29",3,6.336,0.3345,TRUE,TRUE
"catch",75,"2024-11-29",5,6.336,0.5123,TRUE,TRUE
"catch",75,"2024-11-29",0,3.168,0.09,FALSE,TRUE
"catch",75,"2024-11-29",2,4.224,0.3495,TRUE,TRUE
"catch",75,"2024-11-29",2,6.336,0.234,FALSE,TRUE
"catch",75,"2024-11-29",1,2.112,0.3839,TRUE,TRUE
"catch",75,"2024-11-29",1,1.056,0.5888,TRUE,TRUE
"catch",75,"2024-11-29",1,1.584,0.4693,TRUE,TRUE
"catch",75,"2024-11-29",1,4.224,0.2061,FALSE,TRUE
"catch",75,"2024-11-29",3,4.224,0.4782,TRUE,TRUE
"catch",75,"2024-11-29",6,7.92,0.4938,TRUE,TRUE
"catch",75,"2024-11-29",4,3.168,0.6982,TRUE,TRUE
"catch",75,"2024-11-29",3,2.64,0.6557,TRUE,TRUE
"catch",75,"2024-11-29",6,5.544,0.6419,TRUE,TRUE
"catch",75,"2024-11-29",3,3.696,0.5289,TRUE,TRUE
"catch",76,"2024-11-30",7,7.093,0.6031,TRUE,TRUE
"catch",76,"2024-11-30",2,3.546,0.4061,TRUE,TRUE
"catch",76,"2024-11-30",12,1.478,0.9995,FALSE,FALSE
"catch",76,"2024-11-30",2,4.965,0.2994,TRUE,TRUE
"catch",76,"2024-11-30",2,4.729,0.3139,TRUE,TRUE
"catch",76,"2024-11-30",4,2.955,0.7231,TRUE,TRUE
"catch",76,"2024-11-30",3,1.773,0.7878,FALSE,TRUE
"catch",76,"2024-11-30",0,3.546,0.0796,FALSE,TRUE
"catch",76,"2024-11-30",1,8.275,0.0952,FALSE,TRUE
"catch",76,"2024-11-30",2,2.955,0.4691,TRUE,TRUE
"catch",76,"2024-11-30",4,4.729,0.5415,TRUE,TRUE
"catch",76,"2024-11-30",1,1.182,0.5558,TRUE,TRUE
"catch",76,"2024-11-30",10,3.546,0.9443,FALSE,TRUE
"catch",76,"2024-11-30",6,10.639,0.3773,TRUE,TRUE
"catch",76,"2024-11-30",2,2.364,0.5481,TRUE,TRUE
"catch",76,"2024-11-30",6,4.137,0.7556,FALSE,TRUE
"catch",76,"2024-11-30",5,4.137,0.6841,TRUE,TRUE
"catch",76,"2024-11-30",2,7.093,0.2062,FALSE,TRUE
"catch",76,"2024-11-30",0,1.773,0.154,FALSE,TRUE
"catch",76,"2024-11-30",2,4.137,0.3553,TRUE,TRUE
"catch",76,"2024-11-30",2,7.093,0.2062,FALSE,TRUE
"catch",76,"2024-11-30",0,5.32,0.0502,FALSE,TRUE
"catch",76,"2024-11-30",0,5.32,0.0502,FALSE,TRUE
"catch",76,"2024-11-30",5,5.32,0.583,TRUE,TRUE
"catch",76,"2024-11-30",8,13.003,0.4059,TRUE,TRUE
"catch",76,"2024-11-30",2,3.546,0.4061,TRUE,TRUE
"catch",76,"2024-11-30",6,2.364,0.9137,FALSE,TRUE
"catch",76,"2024-11-30",6,5.911,0.6148,TRUE,TRUE
"catch",76,"2024-11-30",5,4.729,0.6311,TRUE,TRUE
"catch",76,"2024-11-30",0,0.296,0.3817,TRUE,TRUE
"catch",76,"2024-11-30",1,0.591,0.7363,TRUE,TRUE
"catch",76,"2024-11-30",1,1.773,0.4349,TRUE,TRUE
"catch",76,"2024-11-30",12,4.729,0.9292,FALSE,TRUE
"catch",76,"2024-11-30",6,1.773,0.9577,FALSE,TRUE
"catch",76,"2024-11-30",3,2.955,0.6134,TRUE,TRUE
"catch",76,"2024-11-30",0,2.305,0.1225,FALSE,TRUE
"catch",76,"2024-11-30",2,0.296,0.9716,FALSE,TRUE
"catch",76,"2024-11-30",7,10.639,0.434,TRUE,TRUE
"catch",76,"2024-11-30",4,3.546,0.6552,TRUE,TRUE
"catch",76,"2024-11-30",2,3.694,0.3924,TRUE,TRUE
"catch",76,"2024-11-30",7,7.093,0.6031,TRUE,TRUE
"catch",76,"2024-11-30",7,6.206,0.6592,TRUE,TRUE
"catch",76,"2024-11-30",3,3.074,0.5986,TRUE,TRUE
"catch",76,"2024-11-30",6,3.546,0.8085,FALSE,TRUE
"catch",76,"2024-11-30",1,2.955,0.2901,TRUE,TRUE
"catch",76,"2024-11-30",6,4.965,0.686,TRUE,TRUE
"catch",76,"2024-11-30",4,5.32,0.4947,TRUE,TRUE
"catch",76,"2024-11-30",6,5.911,0.6148,TRUE,TRUE
"catch",76,"2024-11-30",8,2.01,0.9785,FALSE,FALSE
"catch",76,"2024-11-30",2,2.364,0.5481,TRUE,TRUE
"catch",76,"2024-11-30",0,5.911,0.0441,FALSE,TRUE
"catch",76,"2024-11-30",0,1.773,0.154,FALSE,TRUE
"catch",76,"2024-11-30",0,0.296,0.3817,TRUE,TRUE
"catch",76,"2024-11-30",16,7.093,0.9083,FALSE,TRUE
"catch",76,"2024-11-30",9,7.093,0.7094,TRUE,TRUE
